name,url,type,first_color,last_image_url
Jacquard knit short dress,https://us.maje.com/en/p/jacquard-knit-short-dress/MFPRO03923_O014.html,dress,Blue,https://us.maje.com/dw/image/v2/AAON_PRD/on/demandware.static/-/Sites-maje-master-catalog/default/dw9a9a8f0b/images/packshot/Maje_MFPRO03923-O014_F_P.jpg?sw=1520&sh=2000
Knit maxi dress with rhinestones,https://us.maje.com/en/p/knit-maxi-dress-with-rhinestones/MFPRO03824_0505.html,dress,Grey,https://us.maje.com/dw/image/v2/AAON_PRD/on/demandware.static/-/Sites-maje-master-catalog/default/dwe864ef6a/images/packshot/Maje_MFPRO03824-0505_F_P.jpg?sw=1520&sh=2000
Short faux fur coat,https://us.maje.com/en/p/short-faux-fur-coat/MFPOU01223_G005.html,coat,Brown,https://us.maje.com/dw/image/v2/AAON_PRD/on/demandware.static/-/Sites-maje-master-catalog/default/dw4ec8db31/images/packshot/Maje_MFPOU01223-G005_F_P.jpg?sw=1520&sh=2000
Short tweed jacket,https://us.maje.com/en/p/short-tweed-jacket/MFPVE00626_G005.html,jacket,Brown,https://us.maje.com/dw/image/v2/AAON_PRD/on/demandware.static/-/Sites-maje-master-catalog/default/dw1a252738/images/packshot/Maje_MFPVE00626-G005_F_P.jpg?sw=1520&sh=2000
Cropped faux fur jacket,https://us.maje.com/en/p/cropped-faux-fur-jacket/MFPVE00643_U020.html,jacket,Leopard,https://us.maje.com/dw/image/v2/AAON_PRD/on/demandware.static/-/Sites-maje-master-catalog/default/dw42064d4d/images/packshot/Maje_MFPVE00643-U020_F_P.jpg?sw=1520&sh=2000
Curly jacket,https://us.maje.com/en/p/curly-jacket/MFPOU01298_2517.html,jacket,Black,https://us.maje.com/dw/image/v2/AAON_PRD/on/demandware.static/-/Sites-maje-master-catalog/default/dw1e18ada0/images/packshot/Maje_MFPOU01298-2517_F_P.jpg?sw=1520&sh=2000
Short curly coat,https://us.maje.com/en/p/short-curly-coat/MFPOU01267_0012.html,coat,Anthracite,https://us.maje.com/dw/image/v2/AAON_PRD/on/demandware.static/-/Sites-maje-master-catalog/default/dw10d4610e/images/packshot/Maje_MFPOU01267-0012_F_P.jpg?sw=1520&sh=2000
Rhinestone jeans,https://us.maje.com/en/p/rhinestone-jeans/MFPJE00636_0201.html,jeans,Blue,https://us.maje.com/dw/image/v2/AAON_PRD/on/demandware.static/-/Sites-maje-master-catalog/default/dw2718bb72/images/packshot/Maje_MFPJE00636-0201_F_P.jpg?sw=1520&sh=2000
Knit 2-in-1 short dress,https://us.maje.com/en/p/knit-2-in-1-short-dress/MFPRO03818_0103.html,dress,Navy,https://us.maje.com/dw/image/v2/AAON_PRD/on/demandware.static/-/Sites-maje-master-catalog/default/dwd49ac0d2/images/packshot/Maje_MFPRO03818-0103_F_P.jpg?sw=1520&sh=2000
2-in-1 wool maxi dress,https://us.maje.com/en/p/2-in-1-wool-maxi-dress/MFPRO03815_G005.html,dress,Brown,https://us.maje.com/dw/image/v2/AAON_PRD/on/demandware.static/-/Sites-maje-master-catalog/default/dwed6ce1ef/images/packshot/Maje_MFPRO03815-G005_F_P.jpg?sw=1520&sh=2000
Short knit dress,https://us.maje.com/en/p/short-knit-dress/MFPRO03682_0012.html,dress,Anthracite,https://us.maje.com/dw/image/v2/AAON_PRD/on/demandware.static/-/Sites-maje-master-catalog/default/dw1d6c106f/images/packshot/Maje_MFPRO03682-0012_F_P.jpg?sw=1520&sh=2000
Shiny knit maxi dress,https://us.maje.com/en/p/shiny-knit-maxi-dress/MFPRO03833_9974.html,dress,Gold,https://us.maje.com/dw/image/v2/AAON_PRD/on/demandware.static/-/Sites-maje-master-catalog/default/dwedc2b8fe/images/packshot/Maje_MFPRO03833-9974_F_P.jpg?sw=1520&sh=2000
Knit maxi dress,https://us.maje.com/en/p/knit-maxi-dress/MFPRO03836_0103.html,dress,Navy,https://us.maje.com/dw/image/v2/AAON_PRD/on/demandware.static/-/Sites-maje-master-catalog/default/dw6b1fba57/images/packshot/Maje_MFPRO03836-0103_F_P.jpg?sw=1520&sh=2000
Rhinestone cardigan,https://us.maje.com/en/p/rhinestone-cardigan/MFPCA00516_2517.html,cardigan,Pink,https://us.maje.com/dw/image/v2/AAON_PRD/on/demandware.static/-/Sites-maje-master-catalog/default/dw60a52d08/images/packshot/Maje_MFPCA00516-2517_F_P.jpg?sw=1520&sh=2000
Wool-blend cardigan,https://us.maje.com/en/p/wool-blend-cardigan/MFPCA00540_0067.html,cardigan,Camel,https://us.maje.com/dw/image/v2/AAON_PRD/on/demandware.static/-/Sites-maje-master-catalog/default/dweca4ecf8/images/packshot/Maje_MFPCA00540-0067_F_P.jpg?sw=1520&sh=2000
Wool and silk jumper,https://us.maje.com/en/p/wool-and-silk-jumper/MFPPU00823_G005.html,jumper,Grey,https://us.maje.com/dw/image/v2/AAON_PRD/on/demandware.static/-/Sites-maje-master-catalog/default/dw1972b945/images/packshot/Maje_MFPPU00823-G005_F_P.jpg?sw=1520&sh=2000
Knitted jumper with rhinestones,https://us.maje.com/en/p/knitted-jumper-with-rhinestones/MFPPU00873_0505.html,jumper,Grey,https://us.maje.com/dw/image/v2/AAON_PRD/on/demandware.static/-/Sites-maje-master-catalog/default/dw07e89fe8/images/packshot/Maje_MFPPU00873-0505_F_P.jpg?sw=1520&sh=2000
Tulle midi skirt,https://us.maje.com/en/p/tulle-midi-skirt/MFPJU00675_2517.html,skirt,Black,https://us.maje.com/dw/image/v2/AAON_PRD/on/demandware.static/-/Sites-maje-master-catalog/default/dw023cc932/images/packshot/Maje_MFPJU00675-2517_H_P.jpg?sw=1520&sh=2000
Belted short coat,https://us.maje.com/en/p/belted-short-coat/MFPOU01128_0101.html,coat,Ecru,https://us.maje.com/dw/image/v2/AAON_PRD/on/demandware.static/-/Sites-maje-master-catalog/default/dw8cd77018/images/packshot/Maje_MFPOU01128-0101_H_P.jpg?sw=1520&sh=2000
Dress in ribbed knit,https://us.maje.com/en/p/dress-in-ribbed-knit/MFPRO03703_2517.html,knit,Black,https://us.maje.com/dw/image/v2/AAON_PRD/on/demandware.static/-/Sites-maje-master-catalog/default/dwc1fca5ef/images/packshot/Maje_MFPRO03703-2517_H_P.jpg?sw=1520&sh=2000
Jersey top with lace trim,https://us.maje.com/en/p/jersey-top-with-lace-trim/MFPTO00920_2517.html,top,Black,https://us.maje.com/dw/image/v2/AAON_PRD/on/demandware.static/-/Sites-maje-master-catalog/default/dw42739fa2/images/packshot/Maje_MFPTO00920-2517_H_P.jpg?sw=1520&sh=2000
Cropped faux fur jacket,https://us.maje.com/en/p/cropped-faux-fur-jacket/MFPVE00577_0130.html,jacket,Beige,https://us.maje.com/dw/image/v2/AAON_PRD/on/demandware.static/-/Sites-maje-master-catalog/default/dw22a5c5ab/images/packshot/Maje_MFPVE00577-0130_F_P.jpg?sw=1520&sh=2000
Short pleated skirt,https://us.maje.com/en/p/short-pleated-skirt/MFPJU01332_U017.html,skirt,Brown,https://us.maje.com/dw/image/v2/AAON_PRD/on/demandware.static/-/Sites-maje-master-catalog/default/dw414e2136/images/packshot/Maje_MFPJU01332-U017_F_P.jpg?sw=1520&sh=2000
Skort,https://us.maje.com/en/p/skort/MFPSH00601_G005.html,skort,Brown,https://us.maje.com/dw/image/v2/AAON_PRD/on/demandware.static/-/Sites-maje-master-catalog/default/dw6188924c/images/packshot/Maje_MFPSH00601-G005_F_P.jpg?sw=1520&sh=2000
Contrast collar cardigan,https://us.maje.com/en/p/contrast-collar-cardigan/MFPCA00528_0101.html,cardigan,Ecru,https://us.maje.com/dw/image/v2/AAON_PRD/on/demandware.static/-/Sites-maje-master-catalog/default/dwfaad812e/images/packshot/Maje_MFPCA00528-0101_F_P.jpg?sw=1520&sh=2000
2-in-1 cardigan,https://us.maje.com/en/p/2-in-1-cardigan/MFPCA00526_2517.html,cardigan,Black,https://us.maje.com/dw/image/v2/AAON_PRD/on/demandware.static/-/Sites-maje-master-catalog/default/dw6d288eef/images/packshot/Maje_MFPCA00526-2517_F_P.jpg?sw=1520&sh=2000
Skort-style shorts,https://us.maje.com/en/p/skort-style-shorts/MFPSH00519_2517.html,shorts,Black,https://us.maje.com/dw/image/v2/AAON_PRD/on/demandware.static/-/Sites-maje-master-catalog/default/dw5e6954fb/images/packshot/Maje_MFPSH00519-2517_H_P.jpg?sw=1520&sh=2000
Embroidered jeans,https://us.maje.com/en/p/embroidered-jeans-/MFPJE00628_0201.html,jeans,Blue,https://us.maje.com/dw/image/v2/AAON_PRD/on/demandware.static/-/Sites-maje-master-catalog/default/dw21e09d5a/images/packshot/Maje_MFPJE00628-0201_F_P.jpg?sw=1520&sh=2000
Embroidered denim jacket,https://us.maje.com/en/p/embroidered-denim-jacket-/MFPBL00730_0201.html,jacket,Blue,https://us.maje.com/dw/image/v2/AAON_PRD/on/demandware.static/-/Sites-maje-master-catalog/default/dw0d1611e6/images/packshot/Maje_MFPBL00730-0201_F_P.jpg?sw=1520&sh=2000
Maje Paris rhinestone T-shirt,https://us.maje.com/en/p/maje-paris-rhinestone-t-shirt/MFPTS00892_10.html,t-shirt,White,https://us.maje.com/dw/image/v2/AAON_PRD/on/demandware.static/-/Sites-maje-master-catalog/default/dwc4710114/images/packshot/Maje_MFPTS00892-10_F_P.jpg?sw=1520&sh=2000
Trousers with jewellery detail,https://us.maje.com/en/p/trousers-with-jewellery-detail/MFPPA00665_2517.html,detail,Black,https://us.maje.com/dw/image/v2/AAON_PRD/on/demandware.static/-/Sites-maje-master-catalog/default/dwdb2d6fe4/images/packshot/Maje_MFPPA00665-2517_F_P.jpg?sw=1520&sh=2000
"""Saint-Honoré"" diamanté T-shirt",https://us.maje.com/en/p/%22saint-honore%22-diamante-t-shirt/MFPTS00880_2517.html,t-shirt,Black,https://us.maje.com/dw/image/v2/AAON_PRD/on/demandware.static/-/Sites-maje-master-catalog/default/dw29191981/images/packshot/Maje_MFPTS00880-2517_F_P.jpg?sw=1520&sh=2000
Paris rhinestone T-shirt,https://us.maje.com/en/p/paris-rhinestone-t-shirt/MFPTS00864_10.html,t-shirt,Pink,https://us.maje.com/dw/image/v2/AAON_PRD/on/demandware.static/-/Sites-maje-master-catalog/default/dw04c4c5ee/images/packshot/Maje_MFPTS00864-10_F_P.jpg?sw=1520&sh=2000
Paris rhinestone T-shirt,https://us.maje.com/en/p/paris-rhinestone-t-shirt/MFPTS00864_0183.html,t-shirt,Pink,https://us.maje.com/dw/image/v2/AAON_PRD/on/demandware.static/-/Sites-maje-master-catalog/default/dw3b713f17/images/packshot/Maje_MFPTS00864-0183_F_P.jpg?sw=1520&sh=2000
Oversize patterned shirt,https://us.maje.com/en/p/oversize-patterned-shirt/MFPCM00588_F048.html,shirt,Pink,https://us.maje.com/dw/image/v2/AAON_PRD/on/demandware.static/-/Sites-maje-master-catalog/default/dw83f6e15a/images/packshot/Maje_MFPCM00588-F048_F_P.jpg?sw=1520&sh=2000
Printed Maxi Skirt,https://us.maje.com/en/p/printed-maxi-skirt/MFPJU01307_F048.html,skirt,Pink,https://us.maje.com/dw/image/v2/AAON_PRD/on/demandware.static/-/Sites-maje-master-catalog/default/dw477752e2/images/packshot/Maje_MFPJU01307-F048_F_P.jpg?sw=1520&sh=2000
Embroidered tracksuit jacket,https://us.maje.com/en/p/embroidered-tracksuit-jacket/MFPSW00178_2517.html,jacket,Black,https://us.maje.com/dw/image/v2/AAON_PRD/on/demandware.static/-/Sites-maje-master-catalog/default/dwb350ea26/images/packshot/Maje_MFPSW00178-2517_F_P.jpg?sw=1520&sh=2000
Dual-material pleated skort,https://us.maje.com/en/p/dual-material-pleated-skort/MFPJU01319_2517.html,skort,Black,https://us.maje.com/dw/image/v2/AAON_PRD/on/demandware.static/-/Sites-maje-master-catalog/default/dw286201f2/images/packshot/Maje_MFPJU01319-2517_F_P.jpg?sw=1520&sh=2000
Wide-leg striped jogging bottoms,https://us.maje.com/en/p/wide-leg-striped-jogging-bottoms/MFPPA00646_2517.html,bottoms,Black,https://us.maje.com/dw/image/v2/AAON_PRD/on/demandware.static/-/Sites-maje-master-catalog/default/dwf1c70432/images/packshot/Maje_MFPPA00646-2517_F_P.jpg?sw=1520&sh=2000
Embroidered rhinestone polo dress,https://us.maje.com/en/p/embroidered-rhinestone-polo-dress/MFPRO03711_2517.html,dress,Black,https://us.maje.com/dw/image/v2/AAON_PRD/on/demandware.static/-/Sites-maje-master-catalog/default/dwad19f519/images/packshot/Maje_MFPRO03711-2517_F_P.jpg?sw=1520&sh=2000
Embroidered suit jacket,https://us.maje.com/en/p/embroidered-suit-jacket/MFPVE00586_2517.html,jacket,Black,https://us.maje.com/dw/image/v2/AAON_PRD/on/demandware.static/-/Sites-maje-master-catalog/default/dw2dc954c0/images/packshot/Maje_MFPVE00586-2517_F_P.jpg?sw=1520&sh=2000
Short pleated skort,https://us.maje.com/en/p/short-pleated-skort/MFPJU01342_10.html,skort,White,https://us.maje.com/dw/image/v2/AAON_PRD/on/demandware.static/-/Sites-maje-master-catalog/default/dw4da945cf/images/packshot/Maje_MFPJU01342-10_F_P.jpg?sw=1520&sh=2000
Striped and embroidered polo shirt,https://us.maje.com/en/p/striped-and-embroidered-polo-shirt/MFPSW00177_O001.html,shirt,Black/White,https://us.maje.com/dw/image/v2/AAON_PRD/on/demandware.static/-/Sites-maje-master-catalog/default/dwdb25d6ef/images/packshot/Maje_MFPSW00177-O001_F_P.jpg?sw=1520&sh=2000
Short sequin dress,https://us.maje.com/en/p/short-sequin-dress/MFPRO03690_G005.html,dress,Brown,https://us.maje.com/dw/image/v2/AAON_PRD/on/demandware.static/-/Sites-maje-master-catalog/default/dwbf8d8515/images/packshot/Maje_MFPRO03690-G005_F_P.jpg?sw=1520&sh=2000
Longline wool cardigan,https://us.maje.com/en/p/longline-wool-cardigan/MFPCA00560_0103.html,cardigan,Navy,https://us.maje.com/dw/image/v2/AAON_PRD/on/demandware.static/-/Sites-maje-master-catalog/default/dw633dce5f/images/packshot/Maje_MFPCA00560-0103_F_P.jpg?sw=1520&sh=2000
Sequin knit short dress,https://us.maje.com/en/p/sequin-knit-short-dress/MFPRO03825_0006.html,dress,White,https://us.maje.com/dw/image/v2/AAON_PRD/on/demandware.static/-/Sites-maje-master-catalog/default/dw7f7a682e/images/packshot/Maje_MFPRO03825-0006_F_P.jpg?sw=1520&sh=2000
Knitted jumper with rhinestones,https://us.maje.com/en/p/knitted-jumper-with-rhinestones/MFPCA00555_0505.html,jumper,Grey,https://us.maje.com/dw/image/v2/AAON_PRD/on/demandware.static/-/Sites-maje-master-catalog/default/dw2d2b4490/images/packshot/Maje_MFPCA00555-0505_F_P.jpg?sw=1520&sh=2000
Pleated knit short skirt,https://us.maje.com/en/p/pleated-knit-short-skirt/MFPJU01286_2517.html,skirt,Black,https://us.maje.com/dw/image/v2/AAON_PRD/on/demandware.static/-/Sites-maje-master-catalog/default/dw794bb70a/images/packshot/Maje_MFPJU01286-2517_F_P.jpg?sw=1520&sh=2000
Knit crop jumper with rhinestones,https://us.maje.com/en/p/knit-crop-jumper-with-rhinestones/MFPPU00801_0183.html,jumper,Navy,https://us.maje.com/dw/image/v2/AAON_PRD/on/demandware.static/-/Sites-maje-master-catalog/default/dwf181b477/images/packshot/Maje_MFPPU00801-0183_F_P.jpg?sw=1520&sh=2000
Knitted jumper with rhinestones,https://us.maje.com/en/p/knitted-jumper-with-rhinestones/MFPPU00858_0012.html,jumper,Anthracite,https://us.maje.com/dw/image/v2/AAON_PRD/on/demandware.static/-/Sites-maje-master-catalog/default/dw087fdac4/images/packshot/Maje_MFPPU00858-0012_F_P.jpg?sw=1520&sh=2000
2-in-1 cashmere cardigan,https://us.maje.com/en/p/2-in-1-cashmere-cardigan/MFPCA00518_0012.html,cardigan,Anthracite,https://us.maje.com/dw/image/v2/AAON_PRD/on/demandware.static/-/Sites-maje-master-catalog/default/dwf801c0ca/images/packshot/Maje_MFPCA00518-0012_F_P.jpg?sw=1520&sh=2000
Knit jumper with rhinestone neck,https://us.maje.com/en/p/knit-jumper-with-rhinestone-neck/MFPPU00863_2517.html,neck,Black,https://us.maje.com/dw/image/v2/AAON_PRD/on/demandware.static/-/Sites-maje-master-catalog/default/dw247b38e9/images/packshot/Maje_MFPPU00863-2517_F_P.jpg?sw=1520&sh=2000
Sleeveless sequin jumper,https://us.maje.com/en/p/sleeveless-sequin-jumper/MFPPU00860_0012.html,jumper,Anthracite,https://us.maje.com/dw/image/v2/AAON_PRD/on/demandware.static/-/Sites-maje-master-catalog/default/dwbf7522ac/images/packshot/Maje_MFPPU00860-0012_F_P.jpg?sw=1520&sh=2000
Cardigan with jewellery neck,https://us.maje.com/en/p/cardigan-with-jewellery-neck/MFPPU00847_0103.html,neck,Navy,https://us.maje.com/dw/image/v2/AAON_PRD/on/demandware.static/-/Sites-maje-master-catalog/default/dw481c1eb3/images/packshot/Maje_MFPPU00847-0103_F_P.jpg?sw=1520&sh=2000
Sequin knit cardigan,https://us.maje.com/en/p/sequin-knit-cardigan/MFPCA00543_0006.html,cardigan,Off White,https://us.maje.com/dw/image/v2/AAON_PRD/on/demandware.static/-/Sites-maje-master-catalog/default/dwa3f1f49a/images/packshot/Maje_MFPCA00543-0006_F_P.jpg?sw=1520&sh=2000
Knit skirt with sequins,https://us.maje.com/en/p/knit-skirt-with-sequins/MFPJU01299_0505.html,sequins,Grey,https://us.maje.com/dw/image/v2/AAON_PRD/on/demandware.static/-/Sites-maje-master-catalog/default/dw53d54813/images/packshot/Maje_MFPJU01299-0505_F_P.jpg?sw=1520&sh=2000
Sequin knit cardigan,https://us.maje.com/en/p/sequin-knit-cardigan/MFPPU00866_0012.html,cardigan,Anthracite,https://us.maje.com/dw/image/v2/AAON_PRD/on/demandware.static/-/Sites-maje-master-catalog/default/dw9a03fb80/images/packshot/Maje_MFPPU00866-0012_F_P.jpg?sw=1520&sh=2000
Short sequinned knit skirt,https://us.maje.com/en/p/short-sequinned-knit-skirt/MFPJU01356_0006.html,skirt,Off White,https://us.maje.com/dw/image/v2/AAON_PRD/on/demandware.static/-/Sites-maje-master-catalog/default/dw1b5132ef/images/packshot/Maje_MFPJU01356-0006_F_P.jpg?sw=1520&sh=2000
Sequinned knit top,https://us.maje.com/en/p/sequinned-knit-top/MFPTO01055_0505.html,top,Grey,https://us.maje.com/dw/image/v2/AAON_PRD/on/demandware.static/-/Sites-maje-master-catalog/default/dw4cc1c8e2/images/packshot/Maje_MFPTO01055-0505_F_P.jpg?sw=1520&sh=2000
Sequinned cardigan,https://us.maje.com/en/p/sequinned-cardigan-/MFPCA00509_G005.html,cardigan,Brown,https://us.maje.com/dw/image/v2/AAON_PRD/on/demandware.static/-/Sites-maje-master-catalog/default/dw204b502a/images/packshot/Maje_MFPCA00509-G005_F_P.jpg?sw=1520&sh=2000
Knit crop jumper with rhinestones,https://us.maje.com/en/p/knit-crop-jumper-with-rhinestones/MFPPU00801_0103.html,jumper,Navy,https://us.maje.com/dw/image/v2/AAON_PRD/on/demandware.static/-/Sites-maje-master-catalog/default/dwa334fc33/images/packshot/Maje_MFPPU00801-0103_F_P.jpg?sw=1520&sh=2000
2-in-1 crochet dress,https://us.maje.com/en/p/2-in-1-crochet-dress/MFPRO03707_2517.html,dress,Black,https://us.maje.com/dw/image/v2/AAON_PRD/on/demandware.static/-/Sites-maje-master-catalog/default/dwadc9d771/images/packshot/Maje_MFPRO03707-2517_F_P.jpg?sw=1520&sh=2000
Crochet cardigan,https://us.maje.com/en/p/crochet-cardigan-/MFPCA00524_2517.html,cardigan,Black,https://us.maje.com/dw/image/v2/AAON_PRD/on/demandware.static/-/Sites-maje-master-catalog/default/dw244c449c/images/packshot/Maje_MFPCA00524-2517_F_P.jpg?sw=1520&sh=2000
Crochet-knit maxi dress,https://us.maje.com/en/p/crochet-knit-maxi-dress/MFPRO03708_2517.html,dress,Black,https://us.maje.com/dw/image/v2/AAON_PRD/on/demandware.static/-/Sites-maje-master-catalog/default/dwe4a6254d/images/packshot/Maje_MFPRO03708-2517_F_P.jpg?sw=1520&sh=2000
Clover embroidery bomber,https://us.maje.com/en/p/clover-embroidery-bomber/MFPCA00545_0505.html,bomber,Grey,https://us.maje.com/dw/image/v2/AAON_PRD/on/demandware.static/-/Sites-maje-master-catalog/default/dwe61148d1/images/packshot/Maje_MFPCA00545-0505_F_P.jpg?sw=1520&sh=2000
Wool Coat,https://us.maje.com/en/p/wool-coat/MFPOU01295_0012.html,coat,Anthracite,https://us.maje.com/dw/image/v2/AAON_PRD/on/demandware.static/-/Sites-maje-master-catalog/default/dw1a23d2b5/images/packshot/Maje_MFPOU01295-0012_F_P.jpg?sw=1520&sh=2000
Short wool-blend sweater,https://us.maje.com/en/p/short-wool-blend-sweater/MFPPU00810_0130.html,sweater,Beige,https://us.maje.com/dw/image/v2/AAON_PRD/on/demandware.static/-/Sites-maje-master-catalog/default/dw12afb362/images/packshot/Maje_MFPPU00810-0130_F_P.jpg?sw=1520&sh=2000
Sleeveless wool blend jumper,https://us.maje.com/en/p/sleeveless-wool-blend-jumper/MFPPU00805_0130.html,jumper,Beige,https://us.maje.com/dw/image/v2/AAON_PRD/on/demandware.static/-/Sites-maje-master-catalog/default/dw00191c80/images/packshot/Maje_MFPPU00805-0130_F_P.jpg?sw=1520&sh=2000
Long studded cotton skirt,https://us.maje.com/en/p/long-studded-cotton-skirt/MFPJU01279_0130.html,skirt,Beige,https://us.maje.com/dw/image/v2/AAON_PRD/on/demandware.static/-/Sites-maje-master-catalog/default/dw4c9f0106/images/packshot/Maje_MFPJU01279-0130_F_P.jpg?sw=1520&sh=2000
Studded baggy trousers,https://us.maje.com/en/p/studded-baggy-trousers/MFPPA00649_0020.html,trousers,Khaki,https://us.maje.com/dw/image/v2/AAON_PRD/on/demandware.static/-/Sites-maje-master-catalog/default/dwf4d110a9/images/packshot/Maje_MFPPA00649-0020_F_P.jpg?sw=1520&sh=2000
Puff-sleeved top,https://us.maje.com/en/p/puff-sleeved-top/MFPTO01038_L017.html,top,White,https://us.maje.com/dw/image/v2/AAON_PRD/on/demandware.static/-/Sites-maje-master-catalog/default/dwbe1c9226/images/packshot/Maje_MFPTO01038-L017_F_P.jpg?sw=1520&sh=2000
Shirt dress with bardot neckline,https://us.maje.com/en/p/shirt-dress-with-bardot-neckline-/MFPRO03820_L017.html,neckline,White,https://us.maje.com/dw/image/v2/AAON_PRD/on/demandware.static/-/Sites-maje-master-catalog/default/dwbd38f1b0/images/packshot/Maje_MFPRO03820-L017_F_P.jpg?sw=1520&sh=2000
Patterned pleated dress,https://us.maje.com/en/p/patterned-pleated-dress/MFPRO03755_D045.html,dress,Blue,https://us.maje.com/dw/image/v2/AAON_PRD/on/demandware.static/-/Sites-maje-master-catalog/default/dw436682a1/images/packshot/Maje_MFPRO03755-D045_F_P.jpg?sw=1520&sh=2000
Illusion effect patterned dress,https://us.maje.com/en/p/illusion-effect-patterned-dress-/MFPRO03730_D044.html,dress,Navy,https://us.maje.com/dw/image/v2/AAON_PRD/on/demandware.static/-/Sites-maje-master-catalog/default/dw9468b020/images/packshot/Maje_MFPRO03730-D044_F_P.jpg?sw=1520&sh=2000
Satin-look patterned maxi dress,https://us.maje.com/en/p/satin-look-patterned-maxi-dress-/MFPRO03782_D044.html,dress,Navy,https://us.maje.com/dw/image/v2/AAON_PRD/on/demandware.static/-/Sites-maje-master-catalog/default/dw177f205c/images/packshot/Maje_MFPRO03782-D044_F_P.jpg?sw=1520&sh=2000
Satin-effect patterned short skirt,https://us.maje.com/en/p/satin-effect-patterned-short-skirt-/MFPJU01285_D044.html,skirt,Navy,https://us.maje.com/dw/image/v2/AAON_PRD/on/demandware.static/-/Sites-maje-master-catalog/default/dwf98c853a/images/packshot/Maje_MFPJU01285-D044_F_P.jpg?sw=1520&sh=2000
Satin-effect patterned shirt,https://us.maje.com/en/p/satin-effect-patterned-shirt/MFPCM00574_D044.html,shirt,Navy,https://us.maje.com/dw/image/v2/AAON_PRD/on/demandware.static/-/Sites-maje-master-catalog/default/dwdd1787ad/images/packshot/Maje_MFPCM00574-D044_F_P.jpg?sw=1520&sh=2000
Printed smocked crop top,https://us.maje.com/en/p/printed-smocked-crop-top/MFPTO01058_D044.html,top,Navy,https://us.maje.com/dw/image/v2/AAON_PRD/on/demandware.static/-/Sites-maje-master-catalog/default/dw8c050198/images/packshot/Maje_MFPTO01058-D044_F_P.jpg?sw=1520&sh=2000
Patterned maxi dress,https://us.maje.com/en/p/patterned-maxi-dress/MFPRO03751_D045.html,dress,Blue,https://us.maje.com/dw/image/v2/AAON_PRD/on/demandware.static/-/Sites-maje-master-catalog/default/dw27886f41/images/packshot/Maje_MFPRO03751-D045_F_P.jpg?sw=1520&sh=2000
Layered shorts,https://us.maje.com/en/p/layered-shorts/MFPSH00574_F047.html,shorts,Pink,https://us.maje.com/dw/image/v2/AAON_PRD/on/demandware.static/-/Sites-maje-master-catalog/default/dwa74370b5/images/packshot/Maje_MFPSH00574-F047_F_P.jpg?sw=1520&sh=2000
Crop top,https://us.maje.com/en/p/crop-top/MFPTO01042_F047.html,top,Pink,https://us.maje.com/dw/image/v2/AAON_PRD/on/demandware.static/-/Sites-maje-master-catalog/default/dw888f7678/images/packshot/Maje_MFPTO01042-F047_F_P.jpg?sw=1520&sh=2000
Short elasticated shirt dress,https://us.maje.com/en/p/short-elasticated-shirt-dress/MFPRO03715_2517.html,dress,Black,https://us.maje.com/dw/image/v2/AAON_PRD/on/demandware.static/-/Sites-maje-master-catalog/default/dwb846212a/images/packshot/Maje_MFPRO03715-2517_F_P.jpg?sw=1520&sh=2000
Oversized poplin shirt,https://us.maje.com/en/p/oversized-poplin-shirt/MFPCM00572_10.html,shirt,White,https://us.maje.com/dw/image/v2/AAON_PRD/on/demandware.static/-/Sites-maje-master-catalog/default/dwc787f1a7/images/packshot/Maje_MFPCM00572-10_F_P.jpg?sw=1520&sh=2000
Shirt with removable tie,https://us.maje.com/en/p/shirt-with-removable-tie-/MFPCM00568_0201.html,tie,Blue,https://us.maje.com/dw/image/v2/AAON_PRD/on/demandware.static/-/Sites-maje-master-catalog/default/dw934700e2/images/packshot/Maje_MFPCM00568-0201_F_P.jpg?sw=1520&sh=2000
2-in-1 striped dress,https://us.maje.com/en/p/2-in-1-striped-dress/MFPRO03664_D041.html,dress,Blue,https://us.maje.com/dw/image/v2/AAON_PRD/on/demandware.static/-/Sites-maje-master-catalog/default/dw4952785e/images/packshot/Maje_MFPRO03664-D041_F_P.jpg?sw=1520&sh=2000
Striped and rhinestone maxi dress,https://us.maje.com/en/p/striped-and-rhinestone-maxi-dress-/MFPRO03747_L027.html,dress,Red,https://us.maje.com/dw/image/v2/AAON_PRD/on/demandware.static/-/Sites-maje-master-catalog/default/dw8b1880c3/images/packshot/Maje_MFPRO03747-L027_F_P.jpg?sw=1520&sh=2000
Beaded cropped shirt,https://us.maje.com/en/p/beaded-cropped-shirt/MFPCM00581_10.html,shirt,White,https://us.maje.com/dw/image/v2/AAON_PRD/on/demandware.static/-/Sites-maje-master-catalog/default/dwc247047c/images/packshot/Maje_MFPCM00581-10_F_P.jpg?sw=1520&sh=2000
Striped rhinestone shirt,https://us.maje.com/en/p/striped-rhinestone-shirt/MFPCM00587_L027.html,shirt,Red,https://us.maje.com/dw/image/v2/AAON_PRD/on/demandware.static/-/Sites-maje-master-catalog/default/dwb0a7f0a2/images/packshot/Maje_MFPCM00587-L027_F_P.jpg?sw=1520&sh=2000
Long skirt with contrast waistband,https://us.maje.com/en/p/long-skirt-with-contrast-waistband-/MFPJU01291_2517.html,skirt,Black,https://us.maje.com/dw/image/v2/AAON_PRD/on/demandware.static/-/Sites-maje-master-catalog/default/dw7c921f0b/images/packshot/Maje_MFPJU01291-2517_F_P.jpg?sw=1520&sh=2000
Striped patchwork shirt,https://us.maje.com/en/p/striped-patchwork-shirt-/MFPCM00583_D041.html,shirt,Blue,https://us.maje.com/dw/image/v2/AAON_PRD/on/demandware.static/-/Sites-maje-master-catalog/default/dw7cf0f7ae/images/packshot/Maje_MFPCM00583-D041_F_P.jpg?sw=1520&sh=2000
Short cotton dress,https://us.maje.com/en/p/short-cotton-dress-/MFPRO03657_10.html,dress,White,https://us.maje.com/dw/image/v2/AAON_PRD/on/demandware.static/-/Sites-maje-master-catalog/default/dw86aa36fb/images/packshot/Maje_MFPRO03657-10_F_P.jpg?sw=1520&sh=2000
Striped rhinestone short dress,https://us.maje.com/en/p/striped-rhinestone-short-dress/MFPRO03726_L027.html,dress,Red,https://us.maje.com/dw/image/v2/AAON_PRD/on/demandware.static/-/Sites-maje-master-catalog/default/dw3a606614/images/packshot/Maje_MFPRO03726-L027_F_P.jpg?sw=1520&sh=2000
Long trench coat,https://us.maje.com/en/p/long-trench-coat/MFPOU01207_G017.html,coat,Beige,https://us.maje.com/dw/image/v2/AAON_PRD/on/demandware.static/-/Sites-maje-master-catalog/default/dwf3ccfe61/images/packshot/Maje_MFPOU01207-G017_F_P.jpg?sw=1520&sh=2000
Short studded trench coat,https://us.maje.com/en/p/short-studded-trench-coat/MFPOU01256_0130.html,coat,Beige,https://us.maje.com/dw/image/v2/AAON_PRD/on/demandware.static/-/Sites-maje-master-catalog/default/dwf8892ee9/images/packshot/Maje_MFPOU01256-0130_F_P.jpg?sw=1520&sh=2000
Studded elastic waist trench coat,https://us.maje.com/en/p/studded-elastic-waist-trench-coat/MFPOU01206_0130.html,coat,Beige,https://us.maje.com/dw/image/v2/AAON_PRD/on/demandware.static/-/Sites-maje-master-catalog/default/dwb0d81af9/images/packshot/Maje_MFPOU01206-0130_F_P.jpg?sw=1520&sh=2000
Short tartan print skirt,https://us.maje.com/en/p/short-tartan-print-skirt/MFPSH00600_C016.html,skirt,Red tartan,https://us.maje.com/dw/image/v2/AAON_PRD/on/demandware.static/-/Sites-maje-master-catalog/default/dw09317125/images/packshot/Maje_MFPSH00600-C016_F_P.jpg?sw=1520&sh=2000
Striped suit jacket,https://us.maje.com/en/p/striped-suit-jacket/MFPVE00559_D043.html,jacket,Navy,https://us.maje.com/dw/image/v2/AAON_PRD/on/demandware.static/-/Sites-maje-master-catalog/default/dw27ce381e/images/packshot/Maje_MFPVE00559-D043_F_P.jpg?sw=1520&sh=2000
Wide-leg trousers with tweed braces,https://us.maje.com/en/p/wide-leg-trousers-with-tweed-braces/MFPPA00680_2517.html,braces,Black,https://us.maje.com/dw/image/v2/AAON_PRD/on/demandware.static/-/Sites-maje-master-catalog/default/dw61e783cd/images/packshot/Maje_MFPPA00680-2517_F_P.jpg?sw=1520&sh=2000
Striped Bermuda shorts,https://us.maje.com/en/p/striped-bermuda-shorts-/MFPSH00572_D043.html,shorts,Navy,https://us.maje.com/dw/image/v2/AAON_PRD/on/demandware.static/-/Sites-maje-master-catalog/default/dwee4c1199/images/packshot/Maje_MFPSH00572-D043_F_P.jpg?sw=1520&sh=2000
Striped trousers,https://us.maje.com/en/p/striped-trousers-/MFPPA00637_D043.html,trousers,Navy,https://us.maje.com/dw/image/v2/AAON_PRD/on/demandware.static/-/Sites-maje-master-catalog/default/dwa7d89ecb/images/packshot/Maje_MFPPA00637-D043_F_P.jpg?sw=1520&sh=2000
Sleeveless suit jacket,https://us.maje.com/en/p/sleeveless-suit-jacket-/MFPVE00562_2517.html,jacket,Black,https://us.maje.com/dw/image/v2/AAON_PRD/on/demandware.static/-/Sites-maje-master-catalog/default/dw10493084/images/packshot/Maje_MFPVE00562-2517_F_P.jpg?sw=1520&sh=2000
Sequinned skort,https://us.maje.com/en/p/sequinned-skort/MFPSH00606_2517.html,skort,Black,https://us.maje.com/dw/image/v2/AAON_PRD/on/demandware.static/-/Sites-maje-master-catalog/default/dw7d0d36ca/images/packshot/Maje_MFPSH00606-2517_F_P.jpg?sw=1520&sh=2000
Wide-leg suit trousers with pleats,https://us.maje.com/en/p/wide-leg-suit-trousers-with-pleats-/MFPPA00638_0201.html,pleats,Blue,https://us.maje.com/dw/image/v2/AAON_PRD/on/demandware.static/-/Sites-maje-master-catalog/default/dw4dc64971/images/packshot/Maje_MFPPA00638-0201_F_P.jpg?sw=1520&sh=2000
Suit jacket,https://us.maje.com/en/p/suit-jacket/MFPVE00563_0201.html,jacket,Blue,https://us.maje.com/dw/image/v2/AAON_PRD/on/demandware.static/-/Sites-maje-master-catalog/default/dw136c3b41/images/packshot/Maje_MFPVE00563-0201_F_P.jpg?sw=1520&sh=2000
Straight-leg suit trousers,https://us.maje.com/en/p/straight-leg-suit-trousers/MFPPA00654_0020.html,trousers,Khaki,https://us.maje.com/dw/image/v2/AAON_PRD/on/demandware.static/-/Sites-maje-master-catalog/default/dw9ddc1e54/images/packshot/Maje_MFPPA00654-0020_F_P.jpg?sw=1520&sh=2000
Belted suit jacket,https://us.maje.com/en/p/belted-suit-jacket/MFPVE00614_G005.html,jacket,Black,https://us.maje.com/dw/image/v2/AAON_PRD/on/demandware.static/-/Sites-maje-master-catalog/default/dw451cbd82/images/packshot/Maje_MFPVE00614-G005_F_P.jpg?sw=1520&sh=2000
Striped layered effect shorts,https://us.maje.com/en/p/striped-layered-effect-shorts-/MFPSH00570_D043.html,shorts,Navy,https://us.maje.com/dw/image/v2/AAON_PRD/on/demandware.static/-/Sites-maje-master-catalog/default/dw0884a5d0/images/packshot/Maje_MFPSH00570-D043_F_P.jpg?sw=1520&sh=2000
Rhinestone layered skort,https://us.maje.com/en/p/rhinestone-layered-skort/MFPSH00579_B050.html,skort,Gray,https://us.maje.com/dw/image/v2/AAON_PRD/on/demandware.static/-/Sites-maje-master-catalog/default/dw0753af3e/images/packshot/Maje_MFPSH00579-B050_F_P.jpg?sw=1520&sh=2000
Suit jacket with brooch,https://us.maje.com/en/p/suit-jacket-with-brooch/MFPVE00635_2517.html,jacket,Black,https://us.maje.com/dw/image/v2/AAON_PRD/on/demandware.static/-/Sites-maje-master-catalog/default/dw7d6e7c01/images/packshot/Maje_MFPVE00635-2517_F_P.jpg?sw=1520&sh=2000
Wide-leg suit trousers,https://us.maje.com/en/p/wide-leg-suit-trousers/MFPPA00683_2517.html,trousers,Black,https://us.maje.com/dw/image/v2/AAON_PRD/on/demandware.static/-/Sites-maje-master-catalog/default/dw177c6736/images/packshot/Maje_MFPPA00683-2517_F_P.jpg?sw=1520&sh=2000
Slim-fit suit jacket,https://us.maje.com/en/p/slim-fit-suit-jacket/MFPVE00592_0020.html,jacket,Khaki,https://us.maje.com/dw/image/v2/AAON_PRD/on/demandware.static/-/Sites-maje-master-catalog/default/dw3e1c4ab5/images/packshot/Maje_MFPVE00592-0020_F_P.jpg?sw=1520&sh=2000
Wide-leg suit trousers,https://us.maje.com/en/p/wide-leg-suit-trousers/MFPPA00663_G005.html,trousers,Brown,https://us.maje.com/dw/image/v2/AAON_PRD/on/demandware.static/-/Sites-maje-master-catalog/default/dwb2be8885/images/packshot/Maje_MFPPA00663-G005_F_P.jpg?sw=1520&sh=2000
Rhinestone suit trousers,https://us.maje.com/en/p/rhinestone-suit-trousers/MFPPA00640_B050.html,trousers,Gray,https://us.maje.com/dw/image/v2/AAON_PRD/on/demandware.static/-/Sites-maje-master-catalog/default/dwb5f6730b/images/packshot/Maje_MFPPA00640-B050_F_P.jpg?sw=1520&sh=2000
Short tweed jacket,https://us.maje.com/en/p/short-tweed-jacket/MFPVE00634_2517.html,jacket,Black,https://us.maje.com/dw/image/v2/AAON_PRD/on/demandware.static/-/Sites-maje-master-catalog/default/dw41318eb8/images/packshot/Maje_MFPVE00634-2517_F_P.jpg?sw=1520&sh=2000
Rhinestone suit jacket,https://us.maje.com/en/p/rhinestone-suit-jacket/MFPVE00578_B050.html,jacket,Gray,https://us.maje.com/dw/image/v2/AAON_PRD/on/demandware.static/-/Sites-maje-master-catalog/default/dw94e609e6/images/packshot/Maje_MFPVE00578-B050_F_P.jpg?sw=1520&sh=2000
Rhinestone jacket,https://us.maje.com/en/p/rhinestone-jacket/MFPVE00579_B050.html,jacket,Gray,https://us.maje.com/dw/image/v2/AAON_PRD/on/demandware.static/-/Sites-maje-master-catalog/default/dw7f12cb79/images/packshot/Maje_MFPVE00579-B050_F_P.jpg?sw=1520&sh=2000
Padded jacket,https://us.maje.com/en/p/padded-jacket/MFPOU01273_2517.html,jacket,Black,https://us.maje.com/dw/image/v2/AAON_PRD/on/demandware.static/-/Sites-maje-master-catalog/default/dw93e7d804/images/packshot/Maje_MFPOU01273-2517_F_P.jpg?sw=1520&sh=2000
Contrast quilted puffer jacket,https://us.maje.com/en/p/contrast-quilted-puffer-jacket/MFPOU01265_0020.html,jacket,Khaki,https://us.maje.com/dw/image/v2/AAON_PRD/on/demandware.static/-/Sites-maje-master-catalog/default/dw1d85f67f/images/packshot/Maje_MFPOU01265-0020_F_P.jpg?sw=1520&sh=2000
Silver hooded jacket,https://us.maje.com/en/p/silver-hooded-jacket/MFPOU01303_0500.html,jacket,Silver,https://us.maje.com/dw/image/v2/AAON_PRD/on/demandware.static/-/Sites-maje-master-catalog/default/dw3daedfb8/images/packshot/Maje_MFPOU01303-0500_F_P.jpg?sw=1520&sh=2000
Belted short wool coat,https://us.maje.com/en/p/belted-short-wool-coat/MFPOU01215_0103.html,coat,Navy,https://us.maje.com/dw/image/v2/AAON_PRD/on/demandware.static/-/Sites-maje-master-catalog/default/dw3d420291/images/packshot/Maje_MFPOU01215-0103_F_P.jpg?sw=1520&sh=2000
Double-faced mid-length coat,https://us.maje.com/en/p/double-faced-mid-length-coat/MFPOU01236_0101.html,coat,Ecru,https://us.maje.com/dw/image/v2/AAON_PRD/on/demandware.static/-/Sites-maje-master-catalog/default/dw46f9eabb/images/packshot/Maje_MFPOU01236-0101_F_P.jpg?sw=1520&sh=2000
Double-faced short jacket,https://us.maje.com/en/p/double-faced-short-jacket/MFPVE00624_0103.html,jacket,Navy,https://us.maje.com/dw/image/v2/AAON_PRD/on/demandware.static/-/Sites-maje-master-catalog/default/dw43698255/images/packshot/Maje_MFPVE00624-0103_F_P.jpg?sw=1520&sh=2000
Double-sided jacket,https://us.maje.com/en/p/double-sided-jacket/MFPVE00593_0067.html,jacket,Camel,https://us.maje.com/dw/image/v2/AAON_PRD/on/demandware.static/-/Sites-maje-master-catalog/default/dw17df37c3/images/packshot/Maje_MFPVE00593-0067_F_P.jpg?sw=1520&sh=2000
Double-faced mid-length coat,https://us.maje.com/en/p/double-faced-mid-length-coat/MFPOU01301_2517.html,coat,Black,https://us.maje.com/dw/image/v2/AAON_PRD/on/demandware.static/-/Sites-maje-master-catalog/default/dwd08746b3/images/packshot/Maje_MFPOU01301-2517_F_P.jpg?sw=1520&sh=2000
Belted double-faced jacket,https://us.maje.com/en/p/belted-double-faced-jacket/MFPOU01285_0515.html,jacket,Ecru,https://us.maje.com/dw/image/v2/AAON_PRD/on/demandware.static/-/Sites-maje-master-catalog/default/dw81ea555a/images/packshot/Maje_MFPOU01285-0515_F_P.jpg?sw=1520&sh=2000
Two-tone double-faced coat,https://us.maje.com/en/p/two-tone-double-faced-coat/MFPOU01307_O001.html,coat,Black,https://us.maje.com/dw/image/v2/AAON_PRD/on/demandware.static/-/Sites-maje-master-catalog/default/dwaf848c94/images/packshot/Maje_MFPOU01307-O001_F_P.jpg?sw=1520&sh=2000
Wool jacket,https://us.maje.com/en/p/wool-jacket/MFPBL00753_2517.html,jacket,Black,https://us.maje.com/dw/image/v2/AAON_PRD/on/demandware.static/-/Sites-maje-master-catalog/default/dwf3a18bd8/images/packshot/Maje_MFPBL00753-2517_F_P.jpg?sw=1520&sh=2000
Wool coat with removable collar,https://us.maje.com/en/p/wool-coat-with-removable-collar/MFPOU01299_0101.html,collar,Ecru,https://us.maje.com/dw/image/v2/AAON_PRD/on/demandware.static/-/Sites-maje-master-catalog/default/dwc78d3f21/images/packshot/Maje_MFPOU01299-0101_F_P.jpg?sw=1520&sh=2000
Long double-faced coat with belt,https://us.maje.com/en/p/long-double-faced-coat-with-belt/MFPOU01271_0505.html,belt,Grey,https://us.maje.com/dw/image/v2/AAON_PRD/on/demandware.static/-/Sites-maje-master-catalog/default/dwe4db7a09/images/packshot/Maje_MFPOU01271-0505_F_P.jpg?sw=1520&sh=2000
Double-faced coat,https://us.maje.com/en/p/double-faced-coat/MFPOU01259_O013.html,coat,Black,https://us.maje.com/dw/image/v2/AAON_PRD/on/demandware.static/-/Sites-maje-master-catalog/default/dw8ffc4660/images/packshot/Maje_MFPOU01259-O013_F_P.jpg?sw=1520&sh=2000
Double-faced coat,https://us.maje.com/en/p/double-faced-coat/MFPOU01259_0284.html,coat,Grey,https://us.maje.com/dw/image/v2/AAON_PRD/on/demandware.static/-/Sites-maje-master-catalog/default/dwdec54008/images/packshot/Maje_MFPOU01259-0284_F_P.jpg?sw=1520&sh=2000
Two-tone double-faced coat,https://us.maje.com/en/p/two-tone-double-faced-coat/MFPOU01307_1167.html,coat,Camel,https://us.maje.com/dw/image/v2/AAON_PRD/on/demandware.static/-/Sites-maje-master-catalog/default/dw6f048c3d/images/packshot/Maje_MFPOU01307-1167_F_P.jpg?sw=1520&sh=2000
Mid-length fleece coat,https://us.maje.com/en/p/mid-length-fleece-coat/MFPOU01229_P006.html,coat,Ecru Black,https://us.maje.com/dw/image/v2/AAON_PRD/on/demandware.static/-/Sites-maje-master-catalog/default/dw990e7c3c/images/packshot/Maje_MFPOU01229-P006_F_P.jpg?sw=1520&sh=2000
Short faux fur coat,https://us.maje.com/en/p/short-faux-fur-coat/MFPOU01219_0101.html,coat,Ecru,https://us.maje.com/dw/image/v2/AAON_PRD/on/demandware.static/-/Sites-maje-master-catalog/default/dw0ef9df73/images/packshot/Maje_MFPOU01219-0101_F_P.jpg?sw=1520&sh=2000
Faux fur coat,https://us.maje.com/en/p/faux-fur-coat/MFPOU01308_0067.html,coat,Camel,https://us.maje.com/dw/image/v2/AAON_PRD/on/demandware.static/-/Sites-maje-master-catalog/default/dw109897d9/images/packshot/Maje_MFPOU01308-0067_F_P.jpg?sw=1520&sh=2000
Silk tank top,https://us.maje.com/en/p/silk-tank-top-/MFPTO01035_0856.html,top,Pale Pink,https://us.maje.com/dw/image/v2/AAON_PRD/on/demandware.static/-/Sites-maje-master-catalog/default/dw265066f1/images/packshot/Maje_MFPTO01035-0856_F_P.jpg?sw=1520&sh=2000
Rhinestone mini dress,https://us.maje.com/en/p/rhinestone-mini-dress/MFPRO03856_2517.html,dress,Black,https://us.maje.com/dw/image/v2/AAON_PRD/on/demandware.static/-/Sites-maje-master-catalog/default/dwbe4d2316/images/packshot/Maje_MFPRO03856-2517_F_P.jpg?sw=1520&sh=2000
Pleated floral motif short dress,https://us.maje.com/en/p/pleated-floral-motif-short-dress/MFPRO03886_0103.html,dress,Navy,https://us.maje.com/dw/image/v2/AAON_PRD/on/demandware.static/-/Sites-maje-master-catalog/default/dw01437314/images/packshot/Maje_MFPRO03886-0103_F_P.jpg?sw=1520&sh=2000
Short sequin dress,https://us.maje.com/en/p/short-sequin-dress/MFPRO03761_2517.html,dress,Black,https://us.maje.com/dw/image/v2/AAON_PRD/on/demandware.static/-/Sites-maje-master-catalog/default/dwc844d68c/images/packshot/Maje_MFPRO03761-2517_F_P.jpg?sw=1520&sh=2000
Diamanté crop top,https://us.maje.com/en/p/diamante-crop-top/MFPTO01013_2517.html,top,Black,https://us.maje.com/dw/image/v2/AAON_PRD/on/demandware.static/-/Sites-maje-master-catalog/default/dw91aef649/images/packshot/Maje_MFPTO01013-2517_F_P.jpg?sw=1520&sh=2000
Short skirt with rhinestones,https://us.maje.com/en/p/short-skirt-with-rhinestones/MFPJU01376_2517.html,skirt,Black,https://us.maje.com/dw/image/v2/AAON_PRD/on/demandware.static/-/Sites-maje-master-catalog/default/dw3f5ddbe7/images/packshot/Maje_MFPJU01376-2517_F_P.jpg?sw=1520&sh=2000
Diamanté effect skort,https://us.maje.com/en/p/diamante-effect-skort/MFPJU01262_2517.html,skort,Black,https://us.maje.com/dw/image/v2/AAON_PRD/on/demandware.static/-/Sites-maje-master-catalog/default/dwfe1ef9ae/images/packshot/Maje_MFPJU01262-2517_F_P.jpg?sw=1520&sh=2000
Sequin maxi dress,https://us.maje.com/en/p/sequin-maxi-dress/MFPRO03805_0500.html,dress,Silver,https://us.maje.com/dw/image/v2/AAON_PRD/on/demandware.static/-/Sites-maje-master-catalog/default/dw33183781/images/packshot/Maje_MFPRO03805-0500_F_P.jpg?sw=1520&sh=2000
Short velvet and sequinned dress,https://us.maje.com/en/p/short-velvet-and-sequinned-dress/MFPRO03901_2517.html,dress,Black,https://us.maje.com/dw/image/v2/AAON_PRD/on/demandware.static/-/Sites-maje-master-catalog/default/dwc70ed306/images/packshot/Maje_MFPRO03901-2517_F_P.jpg?sw=1520&sh=2000
Rhinestone tank top,https://us.maje.com/en/p/rhinestone-tank-top/MFPTS00887_2517.html,top,Black,https://us.maje.com/dw/image/v2/AAON_PRD/on/demandware.static/-/Sites-maje-master-catalog/default/dwafca8072/images/packshot/Maje_MFPTS00887-2517_F_P.jpg?sw=1520&sh=2000
Sequinned velvet top,https://us.maje.com/en/p/sequinned-velvet-top/MFPTO01082_2517.html,top,Black,https://us.maje.com/dw/image/v2/AAON_PRD/on/demandware.static/-/Sites-maje-master-catalog/default/dw1339a9a6/images/packshot/Maje_MFPTO01082-2517_F_P.jpg?sw=1520&sh=2000
Long-sleeved sequinned top,https://us.maje.com/en/p/long-sleeved-sequinned-top-/MFPTO01080_0500.html,top,Silver,https://us.maje.com/dw/image/v2/AAON_PRD/on/demandware.static/-/Sites-maje-master-catalog/default/dw8ba7ba85/images/packshot/Maje_MFPTO01080-0500_F_P.jpg?sw=1520&sh=2000
Asymmetrical floral maxi dress,https://us.maje.com/en/p/asymmetrical-floral-maxi-dress/MFPRO03895_0103.html,dress,Navy,https://us.maje.com/dw/image/v2/AAON_PRD/on/demandware.static/-/Sites-maje-master-catalog/default/dwf46b1012/images/packshot/Maje_MFPRO03895-0103_F_P.jpg?sw=1520&sh=2000
Belted sequin shirt,https://us.maje.com/en/p/belted-sequin-shirt/MFPTO01092_2517.html,shirt,Black,https://us.maje.com/dw/image/v2/AAON_PRD/on/demandware.static/-/Sites-maje-master-catalog/default/dwfd6e4006/images/packshot/Maje_MFPTO01092-2517_F_P.jpg?sw=1520&sh=2000
Sequinned velvet playsuit,https://us.maje.com/en/p/sequinned-velvet-playsuit/MFPCO00343_2517.html,playsuit,Black,https://us.maje.com/dw/image/v2/AAON_PRD/on/demandware.static/-/Sites-maje-master-catalog/default/dwb8769c16/images/packshot/Maje_MFPCO00343-2517_F_P.jpg?sw=1520&sh=2000
Cardigan with rhinestone trim,https://us.maje.com/en/p/cardigan-with-rhinestone-trim/MFPCA00561_2517.html,cardigan,Black,https://us.maje.com/dw/image/v2/AAON_PRD/on/demandware.static/-/Sites-maje-master-catalog/default/dwaf90bcfa/images/packshot/Maje_MFPCA00561-2517_F_P.jpg?sw=1520&sh=2000
Sequin maxi dress,https://us.maje.com/en/p/sequin-maxi-dress/MFPRO03919_2517.html,dress,Black,https://us.maje.com/dw/image/v2/AAON_PRD/on/demandware.static/-/Sites-maje-master-catalog/default/dwbb476b30/images/packshot/Maje_MFPRO03919-2517_F_P.jpg?sw=1520&sh=2000
Smocked sequin top,https://us.maje.com/en/p/smocked-sequin-top/MFPTO01091_0500.html,top,Silver,https://us.maje.com/dw/image/v2/AAON_PRD/on/demandware.static/-/Sites-maje-master-catalog/default/dwb684d532/images/packshot/Maje_MFPTO01091-0500_F_P.jpg?sw=1520&sh=2000
Rhinestone playsuit dress,https://us.maje.com/en/p/rhinestone-playsuit-dress/MFPCO00336_2517.html,dress,Black,https://us.maje.com/dw/image/v2/AAON_PRD/on/demandware.static/-/Sites-maje-master-catalog/default/dwf4cfd1a8/images/packshot/Maje_MFPCO00336-2517_F_P.jpg?sw=1520&sh=2000
Short ruffled sequinned dress,https://us.maje.com/en/p/short-ruffled-sequinned-dress/MFPRO03902_0500.html,dress,Silver,https://us.maje.com/dw/image/v2/AAON_PRD/on/demandware.static/-/Sites-maje-master-catalog/default/dw90921113/images/packshot/Maje_MFPRO03902-0500_F_P.jpg?sw=1520&sh=2000
Rhinestone maxi dress,https://us.maje.com/en/p/rhinestone-maxi-dress/MFPRO03735_2517.html,dress,Black,https://us.maje.com/dw/image/v2/AAON_PRD/on/demandware.static/-/Sites-maje-master-catalog/default/dwd5d7f61d/images/packshot/Maje_MFPRO03735-2517_F_P.jpg?sw=1520&sh=2000
Short full rhinestone skirt,https://us.maje.com/en/p/short-full-rhinestone-skirt/MFPJU01367_2517.html,skirt,Black,https://us.maje.com/dw/image/v2/AAON_PRD/on/demandware.static/-/Sites-maje-master-catalog/default/dwe817f4b8/images/packshot/Maje_MFPJU01367-2517_F_P.jpg?sw=1520&sh=2000
Reversible leather coat,https://us.maje.com/en/p/reversible-leather-coat/MFPOU01243_2517.html,coat,Black,https://us.maje.com/dw/image/v2/AAON_PRD/on/demandware.static/-/Sites-maje-master-catalog/default/dwe83bccf9/images/packshot/Maje_MFPOU01243-2517_F_P.jpg?sw=1520&sh=2000
High-neck cashmere jumper,https://us.maje.com/en/p/high-neck-cashmere-jumper/MFPPU00841_0515.html,jumper,Red,https://us.maje.com/dw/image/v2/AAON_PRD/on/demandware.static/-/Sites-maje-master-catalog/default/dw1553213e/images/packshot/Maje_MFPPU00841-0515_F_P.jpg?sw=1520&sh=2000
Short cashmere jumper,https://us.maje.com/en/p/short-cashmere-jumper/MFPPU00829_0074.html,jumper,Violet,https://us.maje.com/dw/image/v2/AAON_PRD/on/demandware.static/-/Sites-maje-master-catalog/default/dw37b049a6/images/packshot/Maje_MFPPU00829-0074_F_P.jpg?sw=1520&sh=2000
Cashmere knit jumper,https://us.maje.com/en/p/cashmere-knit-jumper/MFPPU00842_0505.html,jumper,Grey,https://us.maje.com/dw/image/v2/AAON_PRD/on/demandware.static/-/Sites-maje-master-catalog/default/dwb3b59248/images/packshot/Maje_MFPPU00842-0505_F_P.jpg?sw=1520&sh=2000
Cashmere jumper,https://us.maje.com/en/p/cashmere-jumper/MFPPU00843_0856.html,jumper,Ecru,https://us.maje.com/dw/image/v2/AAON_PRD/on/demandware.static/-/Sites-maje-master-catalog/default/dw60ca577c/images/packshot/Maje_MFPPU00843-0856_F_P.jpg?sw=1520&sh=2000
Stripe print high-neck jumper,https://us.maje.com/en/p/stripe-print-high-neck-jumper/MFPPU00845_0303.html,jumper,Black,https://us.maje.com/dw/image/v2/AAON_PRD/on/demandware.static/-/Sites-maje-master-catalog/default/dw7971bad8/images/packshot/Maje_MFPPU00845-0303_F_P.jpg?sw=1520&sh=2000
Crochet-knit maxi dress,https://us.maje.com/en/p/crochet-knit-maxi-dress-/MFPRO03713_10.html,dress,White,https://us.maje.com/dw/image/v2/AAON_PRD/on/demandware.static/-/Sites-maje-master-catalog/default/dw87c733a7/images/packshot/Maje_MFPRO03713-10_F_P.jpg?sw=1520&sh=2000
Ribbed vest top,https://us.maje.com/en/p/ribbed-vest-top/MFPTS00886_0020.html,top,Khaki,https://us.maje.com/dw/image/v2/AAON_PRD/on/demandware.static/-/Sites-maje-master-catalog/default/dwe7fb0969/images/packshot/Maje_MFPTS00886-0020_F_P.jpg?sw=1520&sh=2000
Short Clover motif dress,https://us.maje.com/en/p/short-clover-motif-dress/MFPRO03880_B053.html,dress,Black,https://us.maje.com/dw/image/v2/AAON_PRD/on/demandware.static/-/Sites-maje-master-catalog/default/dw88946d06/images/packshot/Maje_MFPRO03880-B053_F_P.jpg?sw=1520&sh=2000
Dual-material faux fur jacket,https://us.maje.com/en/p/dual-material-faux-fur-jacket/MFPBL00755_0505.html,jacket,Grey,https://us.maje.com/dw/image/v2/AAON_PRD/on/demandware.static/-/Sites-maje-master-catalog/default/dw024a415a/images/packshot/Maje_MFPBL00755-0505_F_P.jpg?sw=1520&sh=2000
Asymmetrical long pleated skirt,https://us.maje.com/en/p/asymmetrical-long-pleated-skirt/MFPJU01355_2517.html,skirt,Black,https://us.maje.com/dw/image/v2/AAON_PRD/on/demandware.static/-/Sites-maje-master-catalog/default/dw7ff73baa/images/packshot/Maje_MFPJU01355-2517_F_P.jpg?sw=1520&sh=2000
Pleated shirt,https://us.maje.com/en/p/pleated-shirt/MFPTO01086_2517.html,shirt,Black,https://us.maje.com/dw/image/v2/AAON_PRD/on/demandware.static/-/Sites-maje-master-catalog/default/dwc69972cd/images/packshot/Maje_MFPTO01086-2517_F_P.jpg?sw=1520&sh=2000
Short pleated skirt,https://us.maje.com/en/p/short-pleated-skirt/MFPJU01357_2517.html,skirt,Black,https://us.maje.com/dw/image/v2/AAON_PRD/on/demandware.static/-/Sites-maje-master-catalog/default/dw5ff7bd39/images/packshot/Maje_MFPJU01357-2517_F_P.jpg?sw=1520&sh=2000
Asymmetrical pleated short skirt,https://us.maje.com/en/p/asymmetrical-pleated-short-skirt/MFPJU01328_G005.html,skirt,Brown,https://us.maje.com/dw/image/v2/AAON_PRD/on/demandware.static/-/Sites-maje-master-catalog/default/dw4b8fbbb2/images/packshot/Maje_MFPJU01328-G005_F_P.jpg?sw=1520&sh=2000
Asymmetrical pleated skirt,https://us.maje.com/en/p/asymmetrical-pleated-skirt/MFPJU01317_0505.html,skirt,Grey,https://us.maje.com/dw/image/v2/AAON_PRD/on/demandware.static/-/Sites-maje-master-catalog/default/dwfb1736d1/images/packshot/Maje_MFPJU01317-0505_F_P.jpg?sw=1520&sh=2000
Cutaway taffeta dress,https://us.maje.com/en/p/cutaway-taffeta-dress/MFPRO03717_0020.html,dress,Khaki,https://us.maje.com/dw/image/v2/AAON_PRD/on/demandware.static/-/Sites-maje-master-catalog/default/dw2d8326c9/images/packshot/Maje_MFPRO03717-0020_F_P.jpg?sw=1520&sh=2000
Openwork shirt,https://us.maje.com/en/p/openwork-shirt/MFPCM00584_2517.html,shirt,Khaki,https://us.maje.com/dw/image/v2/AAON_PRD/on/demandware.static/-/Sites-maje-master-catalog/default/dw229dc578/images/hi-res/Maje_MFPCM00584-2517_F_7.jpg?sw=1520&sh=2000
Cropped shirt,https://us.maje.com/en/p/cropped-shirt/MFPCM00599_0103.html,shirt,Navy,https://us.maje.com/dw/image/v2/AAON_PRD/on/demandware.static/-/Sites-maje-master-catalog/default/dw5348adee/images/packshot/Maje_MFPCM00599-0103_F_P.jpg?sw=1520&sh=2000
Full long skirt,https://us.maje.com/en/p/full-long-skirt/MFPJU01347_0103.html,skirt,Navy,https://us.maje.com/dw/image/v2/AAON_PRD/on/demandware.static/-/Sites-maje-master-catalog/default/dw0006831f/images/packshot/Maje_MFPJU01347-0103_F_P.jpg?sw=1520&sh=2000
Openwork shirt,https://us.maje.com/en/p/openwork-shirt/MFPCM00584_0020.html,shirt,Khaki,https://us.maje.com/dw/image/v2/AAON_PRD/on/demandware.static/-/Sites-maje-master-catalog/default/dw2989ca43/images/packshot/Maje_MFPCM00584-0020_F_P.jpg?sw=1520&sh=2000
Cropped short-sleeves T-shirt,https://us.maje.com/en/p/cropped-short-sleeves-t-shirt/MFPTS00868_D009.html,t-shirt,Navy,https://us.maje.com/dw/image/v2/AAON_PRD/on/demandware.static/-/Sites-maje-master-catalog/default/dw49c79acc/images/packshot/Maje_MFPTS00868-D009_F_P.jpg?sw=1520&sh=2000
Suit jacket,https://us.maje.com/en/p/suit-jacket/MFPVE00604_U017.html,jacket,Brown,https://us.maje.com/dw/image/v2/AAON_PRD/on/demandware.static/-/Sites-maje-master-catalog/default/dwa68f1637/images/packshot/Maje_MFPVE00604-U017_F_P.jpg?sw=1520&sh=2000
Velour cargo trousers,https://us.maje.com/en/p/velour-cargo-trousers/MFPPA00674_0103.html,trousers,Ecru,https://us.maje.com/dw/image/v2/AAON_PRD/on/demandware.static/-/Sites-maje-master-catalog/default/dwd9ccbcc7/images/packshot/Maje_MFPPA00674-0103_F_P.jpg?sw=1520&sh=2000
Organza shirt,https://us.maje.com/en/p/organza-shirt/MFPCM00595_10.html,shirt,White,https://us.maje.com/dw/image/v2/AAON_PRD/on/demandware.static/-/Sites-maje-master-catalog/default/dwcb425bfa/images/packshot/Maje_MFPCM00595-10_F_P.jpg?sw=1520&sh=2000
Beaded satin floral skirt,https://us.maje.com/en/p/beaded-satin-floral-skirt/MFPJU01306_10.html,skirt,White,https://us.maje.com/dw/image/v2/AAON_PRD/on/demandware.static/-/Sites-maje-master-catalog/default/dwd22b16cd/images/packshot/Maje_MFPJU01306-10_F_P.jpg?sw=1520&sh=2000
Lace maxi dress,https://us.maje.com/en/p/lace-maxi-dress/MFPRO03777_2517.html,dress,Black,https://us.maje.com/dw/image/v2/AAON_PRD/on/demandware.static/-/Sites-maje-master-catalog/default/dw2023f3d5/images/packshot/Maje_MFPRO03777-2517_F_P.jpg?sw=1520&sh=2000
Cotton patchwork maxi dress,https://us.maje.com/en/p/cotton-patchwork-maxi-dress/MFPRO03698_0101.html,dress,Ecru,https://us.maje.com/dw/image/v2/AAON_PRD/on/demandware.static/-/Sites-maje-master-catalog/default/dw37fbd33f/images/packshot/Maje_MFPRO03698-0101_F_P.jpg?sw=1520&sh=2000
Short cotton patchwork dress,https://us.maje.com/en/p/short-cotton-patchwork-dress/MFPRO03699_0101.html,dress,Ecru,https://us.maje.com/dw/image/v2/AAON_PRD/on/demandware.static/-/Sites-maje-master-catalog/default/dw274cb54d/images/packshot/Maje_MFPRO03699-0101_F_P.jpg?sw=1520&sh=2000
Lace shirt,https://us.maje.com/en/p/lace-shirt/MFPCM00580_10.html,shirt,White,https://us.maje.com/dw/image/v2/AAON_PRD/on/demandware.static/-/Sites-maje-master-catalog/default/dw0826a1da/images/packshot/Maje_MFPCM00580-10_F_P.jpg?sw=1520&sh=2000
Short lamé dress,https://us.maje.com/en/p/short-lame-dress/MFPRO03842_2517.html,dress,Black,https://us.maje.com/dw/image/v2/AAON_PRD/on/demandware.static/-/Sites-maje-master-catalog/default/dwd46edd56/images/packshot/Maje_MFPRO03842-2517_F_P.jpg?sw=1520&sh=2000
Ruffled dress,https://us.maje.com/en/p/ruffled-dress-/MFPRO03905_B018.html,dress,Black,https://us.maje.com/dw/image/v2/AAON_PRD/on/demandware.static/-/Sites-maje-master-catalog/default/dw89e518eb/images/packshot/Maje_MFPRO03905-B018_F_P.jpg?sw=1520&sh=2000
Oversized leather jacket,https://us.maje.com/en/p/oversized-leather-jacket/MFPBL00745_G005.html,jacket,Brown,https://us.maje.com/dw/image/v2/AAON_PRD/on/demandware.static/-/Sites-maje-master-catalog/default/dwb52a8ca6/images/packshot/Maje_MFPBL00745-G005_F_P.jpg?sw=1520&sh=2000
Leather jacket,https://us.maje.com/en/p/leather-jacket-/MFPBL00747_2517.html,jacket,Black,https://us.maje.com/dw/image/v2/AAON_PRD/on/demandware.static/-/Sites-maje-master-catalog/default/dwac9e2ae9/images/packshot/Maje_MFPBL00747-2517_F_P.jpg?sw=1520&sh=2000
Leather trousers,https://us.maje.com/en/p/leather-trousers/MFPPA00685_2517.html,trousers,Black,https://us.maje.com/dw/image/v2/AAON_PRD/on/demandware.static/-/Sites-maje-master-catalog/default/dw6bf81bcd/images/packshot/Maje_MFPPA00685-2517_F_P.jpg?sw=1520&sh=2000
Denim jeans with pockets,https://us.maje.com/en/p/denim-jeans-with-pockets/MFPJE00654_0369.html,pockets,Dark blue,https://us.maje.com/dw/image/v2/AAON_PRD/on/demandware.static/-/Sites-maje-master-catalog/default/dw32fa14de/images/packshot/Maje_MFPJE00654-0369_F_P.jpg?sw=1520&sh=2000
Cargo jeans,https://us.maje.com/en/p/cargo-jeans/MFPJE00614_2517.html,jeans,Black,https://us.maje.com/dw/image/v2/AAON_PRD/on/demandware.static/-/Sites-maje-master-catalog/default/dw555c030b/images/packshot/Maje_MFPJE00614-2517_F_P.jpg?sw=1520&sh=2000
Straight-leg jeans,https://us.maje.com/en/p/straight-leg-jeans/MFPJE00615_0201.html,jeans,Blue,https://us.maje.com/dw/image/v2/AAON_PRD/on/demandware.static/-/Sites-maje-master-catalog/default/dw11c98836/images/packshot/Maje_MFPJE00615-0201_F_P.jpg?sw=1520&sh=2000
Flared jeans,https://us.maje.com/en/p/flared-jeans/MFPJE00662_2517.html,jeans,Black,https://us.maje.com/dw/image/v2/AAON_PRD/on/demandware.static/-/Sites-maje-master-catalog/default/dw8cfaf16f/images/packshot/Maje_MFPJE00662-2517_F_P.jpg?sw=1520&sh=2000
Embroidered high-waisted jeans,https://us.maje.com/en/p/embroidered-high-waisted-jeans/MFPJE00637_10.html,jeans,White,https://us.maje.com/dw/image/v2/AAON_PRD/on/demandware.static/-/Sites-maje-master-catalog/default/dwf2eba517/images/packshot/Maje_MFPJE00637-10_F_P.jpg?sw=1520&sh=2000
Straight-leg braided detail jeans,https://us.maje.com/en/p/straight-leg-braided-detail-jeans/MFPJE00604_0201.html,jeans,Blue,https://us.maje.com/dw/image/v2/AAON_PRD/on/demandware.static/-/Sites-maje-master-catalog/default/dw1d8293a9/images/packshot/Maje_MFPJE00604-0201_F_P.jpg?sw=1520&sh=2000
Smocked denim skirt,https://us.maje.com/en/p/smocked-denim-skirt/MFPJU01277_D018.html,skirt,Blue,https://us.maje.com/dw/image/v2/AAON_PRD/on/demandware.static/-/Sites-maje-master-catalog/default/dw5c796652/images/packshot/Maje_MFPJU01277-D018_F_P.jpg?sw=1520&sh=2000
Denim skort,https://us.maje.com/en/p/denim-skort/MFPSH00599_0369.html,skort,Dark blue,https://us.maje.com/dw/image/v2/AAON_PRD/on/demandware.static/-/Sites-maje-master-catalog/default/dw8977ee2b/images/packshot/Maje_MFPSH00599-0369_F_P.jpg?sw=1520&sh=2000
Cutaway denim maxi dress,https://us.maje.com/en/p/cutaway-denim-maxi-dress/MFPRO03697_D018.html,dress,Blue,https://us.maje.com/dw/image/v2/AAON_PRD/on/demandware.static/-/Sites-maje-master-catalog/default/dwe45ec5ae/images/packshot/Maje_MFPRO03697-D018_F_P.jpg?sw=1520&sh=2000
Double waistband jeans,https://us.maje.com/en/p/double-waistband-jeans-/MFPJE00641_0201.html,jeans,Blue,https://us.maje.com/dw/image/v2/AAON_PRD/on/demandware.static/-/Sites-maje-master-catalog/default/dwa7028a9f/images/packshot/Maje_MFPJE00641-0201_F_P.jpg?sw=1520&sh=2000
Striped cardigan,https://us.maje.com/en/p/striped-cardigan-/MFPCA00521_0303.html,cardigan,Black,https://us.maje.com/dw/image/v2/AAON_PRD/on/demandware.static/-/Sites-maje-master-catalog/default/dw5a0b3ff4/images/packshot/Maje_MFPCA00521-0303_F_P.jpg?sw=1520&sh=2000
Knit cardie with rhinestone Clover,https://us.maje.com/en/p/knit-cardie-with-rhinestone-clover/MFPCA00550_0101.html,clover,Ecru,https://us.maje.com/dw/image/v2/AAON_PRD/on/demandware.static/-/Sites-maje-master-catalog/default/dwea213943/images/packshot/Maje_MFPCA00550-0101_F_P.jpg?sw=1520&sh=2000
Short jacquard knit dress,https://us.maje.com/en/p/short-jacquard-knit-dress/MFPRO03918_B018.html,dress,Black,https://us.maje.com/dw/image/v2/AAON_PRD/on/demandware.static/-/Sites-maje-master-catalog/default/dw71378af2/images/packshot/Maje_MFPRO03918-B018_F_P.jpg?sw=1520&sh=2000
Fancy knit cardigan,https://us.maje.com/en/p/fancy-knit-cardigan/MFPCA00508_O001.html,cardigan,Black,https://us.maje.com/dw/image/v2/AAON_PRD/on/demandware.static/-/Sites-maje-master-catalog/default/dw39fa3a60/images/packshot/Maje_MFPCA00508-O001_F_P.jpg?sw=1520&sh=2000
2-in-1 velvet knit dress,https://us.maje.com/en/p/2-in-1-velvet-knit-dress/MFPRO03672_2523.html,dress,Black,https://us.maje.com/dw/image/v2/AAON_PRD/on/demandware.static/-/Sites-maje-master-catalog/default/dw59de4333/images/packshot/Maje_MFPRO03672-2523_F_P.jpg?sw=1520&sh=2000
Longline cardigan,https://us.maje.com/en/p/longline-cardigan/MFPCA00532_0074.html,cardigan,Violet,https://us.maje.com/dw/image/v2/AAON_PRD/on/demandware.static/-/Sites-maje-master-catalog/default/dwe979e001/images/packshot/Maje_MFPCA00532-0074_F_P.jpg?sw=1520&sh=2000
Fancy knit top,https://us.maje.com/en/p/fancy-knit-top-/MFPPU00791_O001.html,top,Black,https://us.maje.com/dw/image/v2/AAON_PRD/on/demandware.static/-/Sites-maje-master-catalog/default/dw03fb7d13/images/packshot/Maje_MFPPU00791-O001_F_P.jpg?sw=1520&sh=2000
Knit crop top,https://us.maje.com/en/p/knit-crop-top/MFPTO01078_2517.html,top,Black,https://us.maje.com/dw/image/v2/AAON_PRD/on/demandware.static/-/Sites-maje-master-catalog/default/dw1ceab524/images/packshot/Maje_MFPTO01078-2517_F_P.jpg?sw=1520&sh=2000
Short striped knit skirt,https://us.maje.com/en/p/short-striped-knit-skirt/MFPJU01287_D009.html,skirt,Ecru,https://us.maje.com/dw/image/v2/AAON_PRD/on/demandware.static/-/Sites-maje-master-catalog/default/dw5d95e86b/images/packshot/Maje_MFPJU01287-D009_F_P.jpg?sw=1520&sh=2000
Sleeveless striped cardigan,https://us.maje.com/en/p/sleeveless-striped-cardigan/MFPCA00506_D009.html,cardigan,Ecru,https://us.maje.com/dw/image/v2/AAON_PRD/on/demandware.static/-/Sites-maje-master-catalog/default/dwce4e0707/images/packshot/Maje_MFPCA00506-D009_F_P.jpg?sw=1520&sh=2000
Knit 2-in-1 short dress,https://us.maje.com/en/p/knit-2-in-1-short-dress/MFPRO03818_0515.html,dress,Navy,https://us.maje.com/dw/image/v2/AAON_PRD/on/demandware.static/-/Sites-maje-master-catalog/default/dw64e3a48d/images/packshot/Maje_MFPRO03818-0515_F_P.jpg?sw=1520&sh=2000
Knit cardigan,https://us.maje.com/en/p/knit-cardigan/MFPCA00523_0101.html,cardigan,Ecru,https://us.maje.com/dw/image/v2/AAON_PRD/on/demandware.static/-/Sites-maje-master-catalog/default/dw91716dd7/images/packshot/Maje_MFPCA00523-0101_F_P.jpg?sw=1520&sh=2000
Cardigan with jewellery neck,https://us.maje.com/en/p/cardigan-with-jewellery-neck/MFPCA00575_0101.html,neck,Ecru,https://us.maje.com/dw/image/v2/AAON_PRD/on/demandware.static/-/Sites-maje-master-catalog/default/dw7bff73ef/images/packshot/Maje_MFPCA00575-0101_F_P.jpg?sw=1520&sh=2000
Knit maxi dress,https://us.maje.com/en/p/knit-maxi-dress/MFPRO03823_O001.html,dress,Black,https://us.maje.com/dw/image/v2/AAON_PRD/on/demandware.static/-/Sites-maje-master-catalog/default/dw56ca6d27/images/packshot/Maje_MFPRO03823-O001_F_P.jpg?sw=1520&sh=2000
Wool-blend jumper,https://us.maje.com/en/p/wool-blend-jumper/MFPPU00820_0103.html,jumper,Navy,https://us.maje.com/dw/image/v2/AAON_PRD/on/demandware.static/-/Sites-maje-master-catalog/default/dw4e4004ab/images/packshot/Maje_MFPPU00820-0103_F_P.jpg?sw=1520&sh=2000
Jacquard jumper,https://us.maje.com/en/p/jacquard-jumper/MFPPU00871_0076.html,jumper,Pink,https://us.maje.com/dw/image/v2/AAON_PRD/on/demandware.static/-/Sites-maje-master-catalog/default/dw0b393b04/images/packshot/Maje_MFPPU00871-0076_F_P.jpg?sw=1520&sh=2000
Knit maxi dress,https://us.maje.com/en/p/knit-maxi-dress/MFPRO03834_2517.html,dress,Black,https://us.maje.com/dw/image/v2/AAON_PRD/on/demandware.static/-/Sites-maje-master-catalog/default/dw8e89eeff/images/packshot/Maje_MFPRO03834-2517_F_P.jpg?sw=1520&sh=2000
Short knit dress,https://us.maje.com/en/p/short-knit-dress/MFPRO03709_10.html,dress,White,https://us.maje.com/dw/image/v2/AAON_PRD/on/demandware.static/-/Sites-maje-master-catalog/default/dw18637495/images/packshot/Maje_MFPRO03709-10_F_P.jpg?sw=1520&sh=2000
Wool and silk bodysuit,https://us.maje.com/en/p/wool-and-silk-bodysuit/MFPBD00020_2517.html,bodysuit,Red,https://us.maje.com/dw/image/v2/AAON_PRD/on/demandware.static/-/Sites-maje-master-catalog/default/dw8d8e9f37/images/packshot/Maje_MFPBD00020-2517_F_P.jpg?sw=1520&sh=2000
Ribbed wool jumper,https://us.maje.com/en/p/ribbed-wool-jumper/MFPPU00872_0130.html,jumper,Beige,https://us.maje.com/dw/image/v2/AAON_PRD/on/demandware.static/-/Sites-maje-master-catalog/default/dwcd4a40f3/images/packshot/Maje_MFPPU00872-0130_F_P.jpg?sw=1520&sh=2000
Short knit dress,https://us.maje.com/en/p/short-knit-dress/MFPRO03787_2517.html,dress,Black,https://us.maje.com/dw/image/v2/AAON_PRD/on/demandware.static/-/Sites-maje-master-catalog/default/dwd2cfec40/images/packshot/Maje_MFPRO03787-2517_F_P.jpg?sw=1520&sh=2000
Sleeveless jacquard jumper,https://us.maje.com/en/p/sleeveless-jacquard-jumper/MFPPU00868_0076.html,jumper,Pink,https://us.maje.com/dw/image/v2/AAON_PRD/on/demandware.static/-/Sites-maje-master-catalog/default/dwf5e0cea0/images/packshot/Maje_MFPPU00868-0076_F_P.jpg?sw=1520&sh=2000
Wool-blend cardigan,https://us.maje.com/en/p/wool-blend-cardigan/MFPCA00541_0183.html,cardigan,Pink,https://us.maje.com/dw/image/v2/AAON_PRD/on/demandware.static/-/Sites-maje-master-catalog/default/dw241d91e9/images/packshot/Maje_MFPCA00541-0183_F_P.jpg?sw=1520&sh=2000
V-neck jumper,https://us.maje.com/en/p/v-neck-jumper/MFPPU00852_G005.html,jumper,Brown,https://us.maje.com/dw/image/v2/AAON_PRD/on/demandware.static/-/Sites-maje-master-catalog/default/dw27723395/images/packshot/Maje_MFPPU00852-G005_F_P.jpg?sw=1520&sh=2000
Cotton and silk ribbed top,https://us.maje.com/en/p/cotton-and-silk-ribbed-top/MFPPU00846_2507.html,top,Blue,https://us.maje.com/dw/image/v2/AAON_PRD/on/demandware.static/-/Sites-maje-master-catalog/default/dw02ce06d4/images/packshot/Maje_MFPPU00846-2507_F_P.jpg?sw=1520&sh=2000
Wool and silk bodysuit,https://us.maje.com/en/p/wool-and-silk-bodysuit/MFPBD00020_0515.html,bodysuit,Red,https://us.maje.com/dw/image/v2/AAON_PRD/on/demandware.static/-/Sites-maje-master-catalog/default/dw88a07496/images/packshot/Maje_MFPBD00020-0515_F_P.jpg?sw=1520&sh=2000
Short knit dress,https://us.maje.com/en/p/short-knit-dress-/MFPRO03828_2517.html,dress,Black,https://us.maje.com/dw/image/v2/AAON_PRD/on/demandware.static/-/Sites-maje-master-catalog/default/dw487d4925/images/packshot/Maje_MFPRO03828-2517_F_P.jpg?sw=1520&sh=2000
Wool and silk jumper,https://us.maje.com/en/p/wool-and-silk-jumper/MFPPU00823_0505.html,jumper,Grey,https://us.maje.com/dw/image/v2/AAON_PRD/on/demandware.static/-/Sites-maje-master-catalog/default/dw573d2571/images/packshot/Maje_MFPPU00823-0505_F_P.jpg?sw=1520&sh=2000
Wool and silk jumper,https://us.maje.com/en/p/wool-and-silk-jumper/MFPPU00875_0101.html,jumper,Ecru,https://us.maje.com/dw/image/v2/AAON_PRD/on/demandware.static/-/Sites-maje-master-catalog/default/dwe8a8bac1/images/packshot/Maje_MFPPU00875-0101_F_P.jpg?sw=1520&sh=2000
Sleeveless wool jumper,https://us.maje.com/en/p/sleeveless-wool-jumper/MFPPU00870_0130.html,jumper,Beige,https://us.maje.com/dw/image/v2/AAON_PRD/on/demandware.static/-/Sites-maje-master-catalog/default/dw7b653588/images/packshot/Maje_MFPPU00870-0130_F_P.jpg?sw=1520&sh=2000
Pointelle knit polo shirt,https://us.maje.com/en/p/pointelle-knit-polo-shirt/MFPPU00797_2517.html,shirt,Black,https://us.maje.com/dw/image/v2/AAON_PRD/on/demandware.static/-/Sites-maje-master-catalog/default/dw1d7120dd/images/packshot/Maje_MFPPU00797-2517_F_P.jpg?sw=1520&sh=2000
Short knit dress,https://us.maje.com/en/p/short-knit-dress/MFPRO03822_O001.html,dress,Black,https://us.maje.com/dw/image/v2/AAON_PRD/on/demandware.static/-/Sites-maje-master-catalog/default/dw53d98ded/images/packshot/Maje_MFPRO03822-O001_F_P.jpg?sw=1520&sh=2000
Knit maxi dress,https://us.maje.com/en/p/knit-maxi-dress/MFPRO03741_2517.html,dress,Black,https://us.maje.com/dw/image/v2/AAON_PRD/on/demandware.static/-/Sites-maje-master-catalog/default/dw1a51df6f/images/packshot/Maje_MFPRO03741-2517_F_P.jpg?sw=1520&sh=2000
Short pleated dress,https://us.maje.com/en/p/short-pleated-dress-/MFPRO03752_0103.html,dress,Navy,https://us.maje.com/dw/image/v2/AAON_PRD/on/demandware.static/-/Sites-maje-master-catalog/default/dwa3112852/images/packshot/Maje_MFPRO03752-0103_F_P.jpg?sw=1520&sh=2000
Open-back maxi dress,https://us.maje.com/en/p/open-back-maxi-dress/MFPRO03775_2517.html,dress,Black,https://us.maje.com/dw/image/v2/AAON_PRD/on/demandware.static/-/Sites-maje-master-catalog/default/dwdef9440f/images/packshot/Maje_MFPRO03775-2517_F_P.jpg?sw=1520&sh=2000
Pleated maxi dress with lace,https://us.maje.com/en/p/pleated-maxi-dress-with-lace/MFPRO03759_9901.html,dress,Navy,https://us.maje.com/dw/image/v2/AAON_PRD/on/demandware.static/-/Sites-maje-master-catalog/default/dw39e842b0/images/packshot/Maje_MFPRO03759-9901_F_P.jpg?sw=1520&sh=2000
Pleated maxi dress,https://us.maje.com/en/p/pleated-maxi-dress/MFPRO03748_0103.html,dress,Navy,https://us.maje.com/dw/image/v2/AAON_PRD/on/demandware.static/-/Sites-maje-master-catalog/default/dwf7e68361/images/packshot/Maje_MFPRO03748-0103_F_P.jpg?sw=1520&sh=2000
Pleated short-sleeved top,https://us.maje.com/en/p/pleated-short-sleeved-top/MFPTO01076_0103.html,top,Navy,https://us.maje.com/dw/image/v2/AAON_PRD/on/demandware.static/-/Sites-maje-master-catalog/default/dw95bc6ce8/images/packshot/Maje_MFPTO01076-0103_F_P.jpg?sw=1520&sh=2000
Tiered maxi dress,https://us.maje.com/en/p/tiered-maxi-dress/MFPRO03779_0020.html,dress,Khaki,https://us.maje.com/dw/image/v2/AAON_PRD/on/demandware.static/-/Sites-maje-master-catalog/default/dw18e7fb04/images/packshot/Maje_MFPRO03779-0020_F_P.jpg?sw=1520&sh=2000
Sequinned tweed jacket,https://us.maje.com/en/p/sequinned-tweed-jacket/MFPVE00625_2517.html,jacket,Black,https://us.maje.com/dw/image/v2/AAON_PRD/on/demandware.static/-/Sites-maje-master-catalog/default/dwe0ceb92a/images/packshot/Maje_MFPVE00625-2517_F_P.jpg?sw=1520&sh=2000
Sequinned tweed trousers,https://us.maje.com/en/p/sequinned-tweed-trousers/MFPPA00656_2517.html,trousers,Black,https://us.maje.com/dw/image/v2/AAON_PRD/on/demandware.static/-/Sites-maje-master-catalog/default/dwa83bfab9/images/packshot/Maje_MFPPA00656-2517_F_P.jpg?sw=1520&sh=2000
Tweed 2-in-1 short dress,https://us.maje.com/en/p/tweed-2-in-1-short-dress/MFPRO03762_2517.html,dress,Black,https://us.maje.com/dw/image/v2/AAON_PRD/on/demandware.static/-/Sites-maje-master-catalog/default/dw0c808288/images/packshot/Maje_MFPRO03762-2517_F_P.jpg?sw=1520&sh=2000
2-in-1 tweed dress,https://us.maje.com/en/p/2-in-1-tweed-dress/MFPRO03917_O001.html,dress,Grey,https://us.maje.com/dw/image/v2/AAON_PRD/on/demandware.static/-/Sites-maje-master-catalog/default/dw0cca38b5/images/packshot/Maje_MFPRO03917-O001_F_P.jpg?sw=1520&sh=2000
Sleeveless tweed dress,https://us.maje.com/en/p/sleeveless-tweed-dress/MFPRO04004_0183.html,dress,Pink,https://us.maje.com/dw/image/v2/AAON_PRD/on/demandware.static/-/Sites-maje-master-catalog/default/dw13eea35e/images/packshot/Maje_MFPRO04004-0183_F_P.jpg?sw=1520&sh=2000
Tweed shorts,https://us.maje.com/en/p/tweed-shorts/MFPSH00591_2517.html,shorts,Black,https://us.maje.com/dw/image/v2/AAON_PRD/on/demandware.static/-/Sites-maje-master-catalog/default/dw05d978c7/images/packshot/Maje_MFPSH00591-2517_F_P.jpg?sw=1520&sh=2000
Tweed illusion shorts,https://us.maje.com/en/p/tweed-illusion-shorts/MFPSH00595_D038.html,shorts,Blue,https://us.maje.com/dw/image/v2/AAON_PRD/on/demandware.static/-/Sites-maje-master-catalog/default/dw93e0d176/images/packshot/Maje_MFPSH00595-D038_F_P.jpg?sw=1520&sh=2000
Tweed skort,https://us.maje.com/en/p/tweed-skort/MFPSH00592_G005.html,skort,Brown,https://us.maje.com/dw/image/v2/AAON_PRD/on/demandware.static/-/Sites-maje-master-catalog/default/dw33b859f4/images/packshot/Maje_MFPSH00592-G005_F_P.jpg?sw=1520&sh=2000
Tweed skirt,https://us.maje.com/en/p/tweed-skirt/MFPJU01320_0183.html,skirt,Pink,https://us.maje.com/dw/image/v2/AAON_PRD/on/demandware.static/-/Sites-maje-master-catalog/default/dwa6ae8406/images/packshot/Maje_MFPJU01320-0183_F_P.jpg?sw=1520&sh=2000
Sequinned tweed jacket,https://us.maje.com/en/p/sequinned-tweed-jacket/MFPVE00609_D038.html,jacket,Blue,https://us.maje.com/dw/image/v2/AAON_PRD/on/demandware.static/-/Sites-maje-master-catalog/default/dw00ff2fb3/images/packshot/Maje_MFPVE00609-D038_F_P.jpg?sw=1520&sh=2000
Tweed dress,https://us.maje.com/en/p/tweed-dress/MFPRO03724_0505.html,dress,Grey,https://us.maje.com/dw/image/v2/AAON_PRD/on/demandware.static/-/Sites-maje-master-catalog/default/dw8fb7d233/images/packshot/Maje_MFPRO03724-0505_F_P.jpg?sw=1520&sh=2000
2-in-1 tweed dress,https://us.maje.com/en/p/2-in-1-tweed-dress/MFPRO03947_0201.html,dress,Blue,https://us.maje.com/dw/image/v2/AAON_PRD/on/demandware.static/-/Sites-maje-master-catalog/default/dw4349b237/images/packshot/Maje_MFPRO03947-0201_F_P.jpg?sw=1520&sh=2000
Tweed jacket,https://us.maje.com/en/p/tweed-jacket/MFPVE00596_0183.html,jacket,Pink,https://us.maje.com/dw/image/v2/AAON_PRD/on/demandware.static/-/Sites-maje-master-catalog/default/dw5bc72ff8/images/packshot/Maje_MFPVE00596-0183_F_P.jpg?sw=1520&sh=2000
Short tweed dress,https://us.maje.com/en/p/short-tweed-dress/MFPRO03786_G005.html,dress,Brown,https://us.maje.com/dw/image/v2/AAON_PRD/on/demandware.static/-/Sites-maje-master-catalog/default/dwb89cfc7d/images/packshot/Maje_MFPRO03786-G005_F_P.jpg?sw=1520&sh=2000
Tweed trousers,https://us.maje.com/en/p/tweed-trousers/MFPPA00679_G005.html,trousers,Brown,https://us.maje.com/dw/image/v2/AAON_PRD/on/demandware.static/-/Sites-maje-master-catalog/default/dw2b1f9f7f/images/packshot/Maje_MFPPA00679-G005_F_P.jpg?sw=1520&sh=2000
Short tweed jacket,https://us.maje.com/en/p/short-tweed-jacket/MFPBL00731_0505.html,jacket,Grey,https://us.maje.com/dw/image/v2/AAON_PRD/on/demandware.static/-/Sites-maje-master-catalog/default/dw4bb8db9a/images/packshot/Maje_MFPBL00731-0505_F_P.jpg?sw=1520&sh=2000
Short sequin dress,https://us.maje.com/en/p/short-sequin-dress/MFPRO03882_0103.html,dress,Navy,https://us.maje.com/dw/image/v2/AAON_PRD/on/demandware.static/-/Sites-maje-master-catalog/default/dwb89d3efb/images/packshot/Maje_MFPRO03882-0103_F_P.jpg?sw=1520&sh=2000
Tweed babydoll dress,https://us.maje.com/en/p/tweed-babydoll-dress/MFPRO03770_0183.html,dress,Pink,https://us.maje.com/dw/image/v2/AAON_PRD/on/demandware.static/-/Sites-maje-master-catalog/default/dw5c4245c2/images/packshot/Maje_MFPRO03770-0183_F_P.jpg?sw=1520&sh=2000
Wide-leg tweed trousers,https://us.maje.com/en/p/wide-leg-tweed-trousers/MFPPA00661_0201.html,trousers,Blue,https://us.maje.com/dw/image/v2/AAON_PRD/on/demandware.static/-/Sites-maje-master-catalog/default/dwd0672632/images/packshot/Maje_MFPPA00661-0201_F_P.jpg?sw=1520&sh=2000
Tweed jacket,https://us.maje.com/en/p/tweed-jacket/MFPVE00606_0201.html,jacket,Blue,https://us.maje.com/dw/image/v2/AAON_PRD/on/demandware.static/-/Sites-maje-master-catalog/default/dwc5e999a3/images/packshot/Maje_MFPVE00606-0201_F_P.jpg?sw=1520&sh=2000
Tweed trousers,https://us.maje.com/en/p/tweed-trousers/MFPPA00647_0505.html,trousers,Grey,https://us.maje.com/dw/image/v2/AAON_PRD/on/demandware.static/-/Sites-maje-master-catalog/default/dw63705250/images/packshot/Maje_MFPPA00647-0505_F_P.jpg?sw=1520&sh=2000
Short pleated tweed skirt,https://us.maje.com/en/p/short-pleated-tweed-skirt/MFPJU01327_0101.html,skirt,Ecru,https://us.maje.com/dw/image/v2/AAON_PRD/on/demandware.static/-/Sites-maje-master-catalog/default/dw56be62b3/images/packshot/Maje_MFPJU01327-0101_F_P.jpg?sw=1520&sh=2000
Short tweed dress,https://us.maje.com/en/p/short-tweed-dress/MFPRO03802_0101.html,dress,Ecru,https://us.maje.com/dw/image/v2/AAON_PRD/on/demandware.static/-/Sites-maje-master-catalog/default/dw95c84fd9/images/packshot/Maje_MFPRO03802-0101_F_P.jpg?sw=1520&sh=2000
Short tweed jacket,https://us.maje.com/en/p/short-tweed-jacket/MFPVE00623_2517.html,jacket,Black,https://us.maje.com/dw/image/v2/AAON_PRD/on/demandware.static/-/Sites-maje-master-catalog/default/dwc0b1ab0b/images/packshot/Maje_MFPVE00623-2517_F_P.jpg?sw=1520&sh=2000
Tweed jacket,https://us.maje.com/en/p/tweed-jacket/MFPVE00600_0101.html,jacket,Ecru,https://us.maje.com/dw/image/v2/AAON_PRD/on/demandware.static/-/Sites-maje-master-catalog/default/dw08c7e218/images/packshot/Maje_MFPVE00600-0101_F_P.jpg?sw=1520&sh=2000
Short rhinestone dress,https://us.maje.com/en/p/short-rhinestone-dress/MFPRO03904_2517.html,dress,Black,https://us.maje.com/dw/image/v2/AAON_PRD/on/demandware.static/-/Sites-maje-master-catalog/default/dwe152739f/images/packshot/Maje_MFPRO03904-2517_F_P.jpg?sw=1520&sh=2000
Tweed trouser suit,https://us.maje.com/en/p/tweed-trouser-suit/MFPCO00342_2517.html,suit,Black,https://us.maje.com/dw/image/v2/AAON_PRD/on/demandware.static/-/Sites-maje-master-catalog/default/dw55369f38/images/packshot/Maje_MFPCO00342-2517_F_P.jpg?sw=1520&sh=2000
Satin jacket,https://us.maje.com/en/p/satin-jacket/MFPBL00732_2517.html,jacket,Black,https://us.maje.com/dw/image/v2/AAON_PRD/on/demandware.static/-/Sites-maje-master-catalog/default/dwd373e7f2/images/packshot/Maje_MFPBL00732-2517_F_P.jpg?sw=1520&sh=2000
Short ruffled dress,https://us.maje.com/en/p/short-ruffled-dress/MFPRO03885_0103.html,dress,Navy,https://us.maje.com/dw/image/v2/AAON_PRD/on/demandware.static/-/Sites-maje-master-catalog/default/dw6ce795d7/images/packshot/Maje_MFPRO03885-0103_F_P.jpg?sw=1520&sh=2000
Short smocked dress,https://us.maje.com/en/p/short-smocked-dress/MFPRO03887_2517.html,dress,Black,https://us.maje.com/dw/image/v2/AAON_PRD/on/demandware.static/-/Sites-maje-master-catalog/default/dwc3e862a9/images/packshot/Maje_MFPRO03887-2517_F_P.jpg?sw=1520&sh=2000
Satin pinafore dress,https://us.maje.com/en/p/satin-pinafore-dress/MFPRO03736_2517.html,dress,Black,https://us.maje.com/dw/image/v2/AAON_PRD/on/demandware.static/-/Sites-maje-master-catalog/default/dw90abdff0/images/packshot/Maje_MFPRO03736-2517_F_P.jpg?sw=1520&sh=2000
Strappy top,https://us.maje.com/en/p/strappy-top-/MFPTO01025_10.html,top,White,https://us.maje.com/dw/image/v2/AAON_PRD/on/demandware.static/-/Sites-maje-master-catalog/default/dw90d860f2/images/packshot/Maje_MFPTO01025-10_F_P.jpg?sw=1520&sh=2000
Striped trousers,https://us.maje.com/en/p/striped-trousers/MFPPA00678_0103.html,trousers,Navy,https://us.maje.com/dw/image/v2/AAON_PRD/on/demandware.static/-/Sites-maje-master-catalog/default/dw9eb2942e/images/packshot/Maje_MFPPA00678-0103_F_P.jpg?sw=1520&sh=2000
Wool and cashmere mittens,https://us.maje.com/en/p/wool-and-cashmere-mittens/MFABO00391_0101.html,mittens,Camel,https://us.maje.com/dw/image/v2/AAON_PRD/on/demandware.static/-/Sites-maje-master-catalog/default/dwca62dfb4/images/packshot/Maje_MFABO00391-0101_F_P.jpg?sw=1520&sh=2000
Striped zip-up sweatshirt,https://us.maje.com/en/p/striped-zip-up-sweatshirt/MFPSW00185_0103.html,sweatshirt,Navy,https://us.maje.com/dw/image/v2/AAON_PRD/on/demandware.static/-/Sites-maje-master-catalog/default/dw4f88b181/images/packshot/Maje_MFPSW00185-0103_F_P.jpg?sw=1520&sh=2000
Cargo trousers,https://us.maje.com/en/p/cargo-trousers/MFPPA00651_0103.html,trousers,Navy,https://us.maje.com/dw/image/v2/AAON_PRD/on/demandware.static/-/Sites-maje-master-catalog/default/dwe9faa1bf/images/packshot/Maje_MFPPA00651-0103_F_P.jpg?sw=1520&sh=2000
Wool and cashmere mittens,https://us.maje.com/en/p/wool-and-cashmere-mittens/MFABO00391_0067.html,mittens,Camel,https://us.maje.com/dw/image/v2/AAON_PRD/on/demandware.static/-/Sites-maje-master-catalog/default/dw873f64e2/images/packshot/Maje_MFABO00391-0067_F_P.jpg?sw=1520&sh=2000
Short satin skirt,https://us.maje.com/en/p/short-satin-skirt/MFPJU01295_2517.html,skirt,Black,https://us.maje.com/dw/image/v2/AAON_PRD/on/demandware.static/-/Sites-maje-master-catalog/default/dw95a8e4c7/images/packshot/Maje_MFPJU01295-2517_F_P.jpg?sw=1520&sh=2000
Wide-leg cotton trousers,https://us.maje.com/en/p/wide-leg-cotton-trousers/MFPPA00643_G017.html,trousers,Beige,https://us.maje.com/dw/image/v2/AAON_PRD/on/demandware.static/-/Sites-maje-master-catalog/default/dwaaede1cf/images/packshot/Maje_MFPPA00643-G017_F_P.jpg?sw=1520&sh=2000
Velvet knit cardigan,https://us.maje.com/en/p/velvet-knit-cardigan/MFPCA00527_2523.html,cardigan,Black,https://us.maje.com/dw/image/v2/AAON_PRD/on/demandware.static/-/Sites-maje-master-catalog/default/dwcd3098b0/images/packshot/Maje_MFPCA00527-2523_F_P.jpg?sw=1520&sh=2000
Belted long shirt,https://us.maje.com/en/p/belted-long-shirt-/MFPCM00589_0103.html,shirt,Navy,https://us.maje.com/dw/image/v2/AAON_PRD/on/demandware.static/-/Sites-maje-master-catalog/default/dwc6c8e540/images/packshot/Maje_MFPCM00589-0103_F_P.jpg?sw=1520&sh=2000
Silk tank top,https://us.maje.com/en/p/silk-tank-top-/MFPTO01035_10.html,top,White,https://us.maje.com/dw/image/v2/AAON_PRD/on/demandware.static/-/Sites-maje-master-catalog/default/dwf5b2671d/images/packshot/Maje_MFPTO01035-10_F_P.jpg?sw=1520&sh=2000
Silk tank top,https://us.maje.com/en/p/silk-tank-top-/MFPTO01035_2517.html,top,Black,https://us.maje.com/dw/image/v2/AAON_PRD/on/demandware.static/-/Sites-maje-master-catalog/default/dw7e1b7fd4/images/packshot/Maje_MFPTO01035-2517_F_P.jpg?sw=1520&sh=2000
Cotton T-shirt,https://us.maje.com/en/p/cotton-t-shirt/MFPTS00875_10.html,t-shirt,White,https://us.maje.com/dw/image/v2/AAON_PRD/on/demandware.static/-/Sites-maje-master-catalog/default/dw3aabc894/images/packshot/Maje_MFPTS00875-10_H_P.jpg?sw=1520&sh=2000
Diamond pattern knitted cardigan,https://us.maje.com/en/p/diamond-pattern-knitted-cardigan/MFPCA00514_0101.html,cardigan,Ecru,https://us.maje.com/dw/image/v2/AAON_PRD/on/demandware.static/-/Sites-maje-master-catalog/default/dw20308403/images/packshot/Maje_MFPCA00514-0101_H_P.jpg?sw=1520&sh=2000
Trompe-l’œil shorts in crêpe fabric,https://us.maje.com/en/p/trompe-l%E2%80%99-il-shorts-in-crepe-fabric/MFPSH00319_2517.html,shorts,Black,https://us.maje.com/dw/image/v2/AAON_PRD/on/demandware.static/-/Sites-maje-master-catalog/default/dwbe314200/images/packshot/Maje_MFPSH00319-2517_H_P.jpg?sw=1520&sh=2000
Wide belted trousers,https://us.maje.com/en/p/wide-belted-trousers/MFPPA00290_2517.html,trousers,Black,https://us.maje.com/dw/image/v2/AAON_PRD/on/demandware.static/-/Sites-maje-master-catalog/default/dw12711947/images/packshot/Maje_MFPPA00290-2517_H_P.jpg?sw=1520&sh=2000
Double-faced faux fur coat,https://us.maje.com/en/p/double-faced-faux-fur-coat/MFPOU00849_0103.html,coat,Navy,https://us.maje.com/dw/image/v2/AAON_PRD/on/demandware.static/-/Sites-maje-master-catalog/default/dw1da6ec22/images/packshot/Maje_MFPOU00849-0103_H_P.jpg?sw=1520&sh=2000
Short two-tone coat,https://us.maje.com/en/p/short-two-tone-coat/MFPOU01103_0505.html,coat,Grey,https://us.maje.com/dw/image/v2/AAON_PRD/on/demandware.static/-/Sites-maje-master-catalog/default/dw7a6e2277/images/packshot/Maje_MFPOU01103-0505_H_P.jpg?sw=1520&sh=2000
Short two-tone coat,https://us.maje.com/en/p/short-two-tone-coat/MFPOU01103_0067.html,coat,Camel,https://us.maje.com/dw/image/v2/AAON_PRD/on/demandware.static/-/Sites-maje-master-catalog/default/dwc56541d6/images/packshot/Maje_MFPOU01103-0067_H_P.jpg?sw=1520&sh=2000
Short fake fur coat,https://us.maje.com/en/p/short-fake-fur-coat/MFPOU01134_0101.html,coat,Ecru,https://us.maje.com/dw/image/v2/AAON_PRD/on/demandware.static/-/Sites-maje-master-catalog/default/dwbf7effd1/images/packshot/Maje_MFPOU01134-0101_H_P.jpg?sw=1520&sh=2000
Silk satin and lace top,https://us.maje.com/en/p/silk-satin-and-lace-top/MFPTO00912_10.html,top,White,https://us.maje.com/dw/image/v2/AAON_PRD/on/demandware.static/-/Sites-maje-master-catalog/default/dwecbc9f79/images/packshot/Maje_MFPTO00912-10_H_P.jpg?sw=1520&sh=2000
Silk satin and lace top,https://us.maje.com/en/p/silk-satin-and-lace-top/MFPTO00912_2517.html,top,White,https://us.maje.com/dw/image/v2/AAON_PRD/on/demandware.static/-/Sites-maje-master-catalog/default/dw17af364d/images/packshot/Maje_MFPTO00912-2517_H_P.jpg?sw=1520&sh=2000
Long sequinned dress,https://us.maje.com/en/p/long-sequinned-dress/MFPRO03197_2517.html,dress,Black,https://us.maje.com/dw/image/v2/AAON_PRD/on/demandware.static/-/Sites-maje-master-catalog/default/dw91e33249/images/packshot/Maje_MFPRO03197-2517_F_P.jpg?sw=1520&sh=2000
Beaded top,https://us.maje.com/en/p/beaded-top/MFPTO01007_0101.html,top,Ecru,https://us.maje.com/dw/image/v2/AAON_PRD/on/demandware.static/-/Sites-maje-master-catalog/default/dw2ba54bc3/images/packshot/Maje_MFPTO01007-0101_H_P.jpg?sw=1520&sh=2000
Lamé T-shirt,https://us.maje.com/en/p/lame-t-shirt/MFPTS00807_0500.html,t-shirt,Silver,https://us.maje.com/dw/image/v2/AAON_PRD/on/demandware.static/-/Sites-maje-master-catalog/default/dw55620b28/images/packshot/Maje_MFPTS00807-0500_H_P.jpg?sw=1520&sh=2000
Slit trousers,https://us.maje.com/en/p/slit-trousers/MFPPA00686_2517.html,trousers,Black,https://us.maje.com/dw/image/v2/AAON_PRD/on/demandware.static/-/Sites-maje-master-catalog/default/dw14964f43/images/packshot/Maje_MFPPA00686-2517_H_P.jpg?sw=1520&sh=2000
Rib knit tank top,https://us.maje.com/en/p/rib-knit-tank-top/MFPTS00872_10.html,top,White,https://us.maje.com/dw/image/v2/AAON_PRD/on/demandware.static/-/Sites-maje-master-catalog/default/dwd3276bcb/images/packshot/Maje_MFPTS00872-10_H_P.jpg?sw=1520&sh=2000
Rib knit tank top,https://us.maje.com/en/p/rib-knit-tank-top/MFPTS00872_2517.html,top,White,https://us.maje.com/dw/image/v2/AAON_PRD/on/demandware.static/-/Sites-maje-master-catalog/default/dw84364f57/images/packshot/Maje_MFPTS00872-2517_H_P.jpg?sw=1520&sh=2000
Leather biker-style jacket,https://us.maje.com/en/p/leather-biker-style-jacket/MFPBL00588_2517.html,jacket,Black,https://us.maje.com/dw/image/v2/AAON_PRD/on/demandware.static/-/Sites-maje-master-catalog/default/dw28f4f3ef/images/packshot/Maje_MFPBL00588-2517_H_P.jpg?sw=1520&sh=2000
Leather trousers,https://us.maje.com/en/p/leather-trousers/MFPPA00572_G005.html,trousers,Brown,https://us.maje.com/dw/image/v2/AAON_PRD/on/demandware.static/-/Sites-maje-master-catalog/default/dw8567dea4/images/packshot/Maje_MFPPA00572-G005_F_P.jpg?sw=1520&sh=2000
Black belted baggy jeans,https://us.maje.com/en/p/black-belted-baggy-jeans/MFPJE00627_2517.html,jeans,Black,https://us.maje.com/dw/image/v2/AAON_PRD/on/demandware.static/-/Sites-maje-master-catalog/default/dw26d85488/images/packshot/Maje_MFPJE00627-2517_H_P.jpg?sw=1520&sh=2000
Black denim-effect mini skirt,https://us.maje.com/en/p/black-denim-effect-mini-skirt/MFPJU01250_2517.html,skirt,Black,https://us.maje.com/dw/image/v2/AAON_PRD/on/demandware.static/-/Sites-maje-master-catalog/default/dw09afffc6/images/packshot/Maje_MFPJU01250-2517_H_P.jpg?sw=1520&sh=2000
Embroidered flared jeans,https://us.maje.com/en/p/embroidered-flared-jeans/MFPJE00404_0201.html,jeans,Blue,https://us.maje.com/dw/image/v2/AAON_PRD/on/demandware.static/-/Sites-maje-master-catalog/default/dw8c2727ce/images/packshot/Maje_MFPJE00404-0201_H_P.jpg?sw=1520&sh=2000
"Jeans with pockets, flared at the bottom",https://us.maje.com/en/p/jeans-with-pockets--flared-at-the-bottom/MFPJE00453_2517.html,bottom,Black,https://us.maje.com/dw/image/v2/AAON_PRD/on/demandware.static/-/Sites-maje-master-catalog/default/dwd79d8bc3/images/packshot/Maje_MFPJE00453-2517_H_P.jpg?sw=1520&sh=2000
Straight-cut jeans,https://us.maje.com/en/p/straight-cut-jeans/MFPJE00352_0201.html,jeans,Blue,https://us.maje.com/dw/image/v2/AAON_PRD/on/demandware.static/-/Sites-maje-master-catalog/default/dwd615f926/images/packshot/Maje_MFPJE00352-0201_H_P.jpg?sw=1520&sh=2000
Striped knit cardigan,https://us.maje.com/en/p/striped-knit-cardigan/MFPCA00512_D009.html,cardigan,Navy,https://us.maje.com/dw/image/v2/AAON_PRD/on/demandware.static/-/Sites-maje-master-catalog/default/dwac0ef4e9/images/packshot/Maje_MFPCA00512-D009_H_P.jpg?sw=1520&sh=2000
Knitted crop top with straps,https://us.maje.com/en/p/knitted-crop-top-with-straps/MFPTO00696_2517.html,straps,Black,https://us.maje.com/dw/image/v2/AAON_PRD/on/demandware.static/-/Sites-maje-master-catalog/default/dwb829845b/images/packshot/Maje_MFPTO00696-2517_H_P.jpg?sw=1520&sh=2000
Openwork knit bodysuit,https://us.maje.com/en/p/openwork-knit-bodysuit/MFPBD00017_2517.html,bodysuit,Black,https://us.maje.com/dw/image/v2/AAON_PRD/on/demandware.static/-/Sites-maje-master-catalog/default/dw9d4e4228/images/packshot/Maje_MFPBD00017-2517_H_P.jpg?sw=1520&sh=2000
Short patterned knit dress,https://us.maje.com/en/p/short-patterned-knit-dress/MFPRO03419_O001.html,dress,Black,https://us.maje.com/dw/image/v2/AAON_PRD/on/demandware.static/-/Sites-maje-master-catalog/default/dwb287d276/images/packshot/Maje_MFPRO03419-O001_F_P.jpg?sw=1520&sh=2000
Knit crop top,https://us.maje.com/en/p/knit-crop-top/MFPTO01000_0101.html,top,Ecru,https://us.maje.com/dw/image/v2/AAON_PRD/on/demandware.static/-/Sites-maje-master-catalog/default/dw3639541d/images/packshot/Maje_MFPTO01000-0101_H_P.jpg?sw=1520&sh=2000
Sleeveless knit jumper,https://us.maje.com/en/p/sleeveless-knit-jumper/MFPPU00736_0101.html,jumper,Ecru,https://us.maje.com/dw/image/v2/AAON_PRD/on/demandware.static/-/Sites-maje-master-catalog/default/dw3f28ff0a/images/packshot/Maje_MFPPU00736-0101_H_P.jpg?sw=1520&sh=2000
Ruffled maxi dress,https://us.maje.com/en/p/ruffled-maxi-dress/MFPRO03144_0103.html,dress,Navy,https://us.maje.com/dw/image/v2/AAON_PRD/on/demandware.static/-/Sites-maje-master-catalog/default/dw191cc326/images/packshot/Maje_MFPRO03144-0103_H_P.jpg?sw=1520&sh=2000
Silk satin and lace top,https://us.maje.com/en/p/silk-satin-and-lace-top/MFPTO00548_0101.html,top,Ecru,https://us.maje.com/dw/image/v2/AAON_PRD/on/demandware.static/-/Sites-maje-master-catalog/default/dw75706ef3/images/packshot/Maje_MFPTO00548-0101_H_P.jpg?sw=1520&sh=2000
Fancy T-shirt,https://us.maje.com/en/p/fancy-t-shirt/MFPTS00876_2517.html,t-shirt,Black,https://us.maje.com/dw/image/v2/AAON_PRD/on/demandware.static/-/Sites-maje-master-catalog/default/dw171a0e23/images/packshot/Maje_MFPTS00876-2517_H_P.jpg?sw=1520&sh=2000
Rhinestone XL jeans,https://us.maje.com/en/p/rhinestone-xl-jeans/MFPJE00558_0201.html,jeans,Blue,https://us.maje.com/dw/image/v2/AAON_PRD/on/demandware.static/-/Sites-maje-master-catalog/default/dwcafbfc46/images/packshot/Maje_MFPJE00558-0201_H_P.jpg?sw=1520&sh=2000
Sequin maxi skirt,https://us.maje.com/en/p/sequin-maxi-skirt/MFPJU01183_2517.html,skirt,Beige,https://us.maje.com/dw/image/v2/AAON_PRD/on/demandware.static/-/Sites-maje-master-catalog/default/dw087dde3a/images/packshot/Maje_MFPJU01183-2517_H_P.jpg?sw=1520&sh=2000
Wide-leg jeans with chain-link belt,https://us.maje.com/en/p/wide-leg-jeans-with-chain-link-belt/MFPJE00663_0505.html,belt,Grey,https://us.maje.com/dw/image/v2/AAON_PRD/on/demandware.static/-/Sites-maje-master-catalog/default/dw033bd77f/images/packshot/Maje_MFPJE00663-0505_F_P.jpg?sw=1520&sh=2000
Embroidered ramie blouse,https://us.maje.com/en/p/embroidered-ramie-blouse/MFPCM00530_10.html,blouse,White,https://us.maje.com/dw/image/v2/AAON_PRD/on/demandware.static/-/Sites-maje-master-catalog/default/dw8c3cd51e/images/packshot/Maje_MFPCM00530-10_H_P.jpg?sw=1520&sh=2000
Belted suit jacket,https://us.maje.com/en/p/belted-suit-jacket/MFPVE00614_2517.html,jacket,Black,https://us.maje.com/dw/image/v2/AAON_PRD/on/demandware.static/-/Sites-maje-master-catalog/default/dw8a0a41cb/images/packshot/Maje_MFPVE00614-2517_F_P.jpg?sw=1520&sh=2000
White silk shirt,https://us.maje.com/en/p/white-silk-shirt/MFPCM00114_10.html,shirt,Green,https://us.maje.com/dw/image/v2/AAON_PRD/on/demandware.static/-/Sites-maje-master-catalog/default/dw5816386d/images/packshot/Maje_MFPCM00114-10_H_P.jpg?sw=1520&sh=2000
Cotton and silk ribbed top,https://us.maje.com/en/p/cotton-and-silk-ribbed-top/MFPPU00846_0101.html,top,Ecru,https://us.maje.com/dw/image/v2/AAON_PRD/on/demandware.static/-/Sites-maje-master-catalog/default/dwbd130f1d/images/packshot/Maje_MFPPU00846-0101_F_P.jpg?sw=1520&sh=2000
Belted jacket,https://us.maje.com/en/p/belted-jacket/MFPVE00489_0101.html,jacket,Ecru,https://us.maje.com/dw/image/v2/AAON_PRD/on/demandware.static/-/Sites-maje-master-catalog/default/dw76aa2a89/images/packshot/Maje_MFPVE00489-0101_H_P.jpg?sw=1520&sh=2000
Short metallic dress,https://us.maje.com/en/p/short-metallic-dress/MFPRO03620_J026.html,dress,Silver,https://us.maje.com/dw/image/v2/AAON_PRD/on/demandware.static/-/Sites-maje-master-catalog/default/dw63524891/images/packshot/Maje_MFPRO03620-J026_H_P.jpg?sw=1520&sh=2000
Black slim-fit trousers with slits,https://us.maje.com/en/p/black-slim-fit-trousers-with-slits/MFPPA00457_2517.html,trousers,Black,https://us.maje.com/dw/image/v2/AAON_PRD/on/demandware.static/-/Sites-maje-master-catalog/default/dw97aa5048/images/packshot/Maje_MFPPA00457-2517_H_P.jpg?sw=1520&sh=2000
Belted shiny tweed jacket,https://us.maje.com/en/p/belted-shiny--tweed-jacket/MFPVE00371_2517.html,jacket,Black,https://us.maje.com/dw/image/v2/AAON_PRD/on/demandware.static/-/Sites-maje-master-catalog/default/dw68ee71b5/images/packshot/Maje_MFPVE00371-2517_H_P.jpg?sw=1520&sh=2000
Knit maxi dress,https://us.maje.com/en/p/knit-maxi-dress/MFPRO03783_0505.html,dress,Grey,https://us.maje.com/dw/image/v2/AAON_PRD/on/demandware.static/-/Sites-maje-master-catalog/default/dwd7a05d67/images/packshot/Maje_MFPRO03783-0505_F_P.jpg?sw=1520&sh=2000
Satin-effect ruffled midi dress,https://us.maje.com/en/p/satin-effect-ruffled-midi-dress/MFPRO03141_0020.html,dress,Khaki,https://us.maje.com/dw/image/v2/AAON_PRD/on/demandware.static/-/Sites-maje-master-catalog/default/dw2ff7cea6/images/packshot/Maje_MFPRO03141-0020_H_P.jpg?sw=1520&sh=2000
Knit cardigan,https://us.maje.com/en/p/knit-cardigan/MFPCA00591_0101.html,cardigan,Ecru,https://us.maje.com/dw/image/v2/AAON_PRD/on/demandware.static/-/Sites-maje-master-catalog/default/dw757e7d7a/images/packshot/Maje_MFPCA00591-0101_F_P.jpg?sw=1520&sh=2000
Long satin dress,https://us.maje.com/en/p/long-satin-dress/MFPRO03069_0101.html,dress,Ecru,https://us.maje.com/dw/image/v2/AAON_PRD/on/demandware.static/-/Sites-maje-master-catalog/default/dwca9de824/images/packshot/Maje_MFPRO03069-0101_H_P.jpg?sw=1520&sh=2000
Long satin dress,https://us.maje.com/en/p/long-satin-dress/MFPRO03069_2517.html,dress,Ecru,https://us.maje.com/dw/image/v2/AAON_PRD/on/demandware.static/-/Sites-maje-master-catalog/default/dw1b985bc1/images/packshot/Maje_MFPRO03069-2517_H_P.jpg?sw=1520&sh=2000